way_id,edge_id,u,v,distance,highway,hour,weekday,travel_time
272514053,272514053_2774453993_2774453990,2774453993,2774453990,72.381,residential,0,0,123.7
272514053,272514053_2774453993_2774453990,2774453993,2774453990,72.381,residential,1,0,124.4
272514053,272514053_2774453993_2774453990,2774453993,2774453990,72.381,residential,2,0,120.1
272514053,272514053_2774453993_2774453990,2774453993,2774453990,72.381,residential,3,0,116.9
272514053,272514053_2774453993_2774453990,2774453993,2774453990,72.381,residential,4,0,116.2
272514053,272514053_2774453993_2774453990,2774453993,2774453990,72.381,residential,5,0,118.1
272514053,272514053_2774453993_2774453990,2774453993,2774453990,72.381,residential,6,0,123.5
272514053,272514053_2774453993_2774453990,2774453993,2774453990,72.381,residential,7,0,141.3
272514053,272514053_2774453993_2774453990,2774453993,2774453990,72.381,residential,8,0,136.6
272514053,272514053_2774453993_2774453990,2774453993,2774453990,72.381,residential,9,0,128.5
272514053,272514053_2774453993_2774453990,2774453993,2774453990,72.381,residential,10,0,115.1
272514053,272514053_2774453993_2774453990,2774453993,2774453990,72.381,residential,11,0,129.6
272514053,272514053_2774453993_2774453990,2774453993,2774453990,72.381,residential,12,0,132.6
272514053,272514053_2774453993_2774453990,2774453993,2774453990,72.381,residential,13,0,138.7
272514053,272514053_2774453993_2774453990,2774453993,2774453990,72.381,residential,14,0,117.3
272514053,272514053_2774453993_2774453990,2774453993,2774453990,72.381,residential,15,0,113.6
272514053,272514053_2774453993_2774453990,2774453993,2774453990,72.381,residential,16,0,142.1
272514053,272514053_2774453993_2774453990,2774453993,2774453990,72.381,residential,17,0,143.6
272514053,272514053_2774453993_2774453990,2774453993,2774453990,72.381,residential,18,0,150.5
272514053,272514053_2774453993_2774453990,2774453993,2774453990,72.381,residential,19,0,120.5
272514053,272514053_2774453993_2774453990,2774453993,2774453990,72.381,residential,20,0,121.6
272514053,272514053_2774453993_2774453990,2774453993,2774453990,72.381,residential,21,0,114.4
272514053,272514053_2774453993_2774453990,2774453993,2774453990,72.381,residential,22,0,115.3
272514053,272514053_2774453993_2774453990,2774453993,2774453990,72.381,residential,23,0,111.8
272514053,272514053_2774453993_2774453990,2774453993,2774453990,72.381,residential,0,1,122.3
272514053,272514053_2774453993_2774453990,2774453993,2774453990,72.381,residential,1,1,121.1
272514053,272514053_2774453993_2774453990,2774453993,2774453990,72.381,residential,2,1,118.2
272514053,272514053_2774453993_2774453990,2774453993,2774453990,72.381,residential,3,1,117.4
272514053,272514053_2774453993_2774453990,2774453993,2774453990,72.381,residential,4,1,117.8
272514053,272514053_2774453993_2774453990,2774453993,2774453990,72.381,residential,5,1,119.9
272514053,272514053_2774453993_2774453990,2774453993,2774453990,72.381,residential,6,1,122.8
272514053,272514053_2774453993_2774453990,2774453993,2774453990,72.381,residential,7,1,144.2
272514053,272514053_2774453993_2774453990,2774453993,2774453990,72.381,residential,8,1,135.9
272514053,272514053_2774453993_2774453990,2774453993,2774453990,72.381,residential,9,1,133.0
272514053,272514053_2774453993_2774453990,2774453993,2774453990,72.381,residential,10,1,110.8
272514053,272514053_2774453993_2774453990,2774453993,2774453990,72.381,residential,11,1,128.9
272514053,272514053_2774453993_2774453990,2774453993,2774453990,72.381,residential,12,1,135.9
272514053,272514053_2774453993_2774453990,2774453993,2774453990,72.381,residential,13,1,140.2
272514053,272514053_2774453993_2774453990,2774453993,2774453990,72.381,residential,14,1,116.8
272514053,272514053_2774453993_2774453990,2774453993,2774453990,72.381,residential,15,1,112.3
272514053,272514053_2774453993_2774453990,2774453993,2774453990,72.381,residential,16,1,141.7
272514053,272514053_2774453993_2774453990,2774453993,2774453990,72.381,residential,17,1,144.4
272514053,272514053_2774453993_2774453990,2774453993,2774453990,72.381,residential,18,1,148.1
272514053,272514053_2774453993_2774453990,2774453993,2774453990,72.381,residential,19,1,119.6
272514053,272514053_2774453993_2774453990,2774453993,2774453990,72.381,residential,20,1,120.6
272514053,272514053_2774453993_2774453990,2774453993,2774453990,72.381,residential,21,1,113.3
272514053,272514053_2774453993_2774453990,2774453993,2774453990,72.381,residential,22,1,112.7
272514053,272514053_2774453993_2774453990,2774453993,2774453990,72.381,residential,23,1,114.1
272514053,272514053_2774453993_2774453990,2774453993,2774453990,72.381,residential,0,2,123.1
272514053,272514053_2774453993_2774453990,2774453993,2774453990,72.381,residential,1,2,122.3
272514053,272514053_2774453993_2774453990,2774453993,2774453990,72.381,residential,2,2,117.3
272514053,272514053_2774453993_2774453990,2774453993,2774453990,72.381,residential,3,2,114.2
272514053,272514053_2774453993_2774453990,2774453993,2774453990,72.381,residential,4,2,117.7
272514053,272514053_2774453993_2774453990,2774453993,2774453990,72.381,residential,5,2,121.2
272514053,272514053_2774453993_2774453990,2774453993,2774453990,72.381,residential,6,2,122.0
272514053,272514053_2774453993_2774453990,2774453993,2774453990,72.381,residential,7,2,141.6
272514053,272514053_2774453993_2774453990,2774453993,2774453990,72.381,residential,8,2,135.1
272514053,272514053_2774453993_2774453990,2774453993,2774453990,72.381,residential,9,2,128.8
272514053,272514053_2774453993_2774453990,2774453993,2774453990,72.381,residential,10,2,111.2
272514053,272514053_2774453993_2774453990,2774453993,2774453990,72.381,residential,11,2,126.6
272514053,272514053_2774453993_2774453990,2774453993,2774453990,72.381,residential,12,2,136.1
272514053,272514053_2774453993_2774453990,2774453993,2774453990,72.381,residential,13,2,138.5
272514053,272514053_2774453993_2774453990,2774453993,2774453990,72.381,residential,14,2,118.4
272514053,272514053_2774453993_2774453990,2774453993,2774453990,72.381,residential,15,2,114.4
272514053,272514053_2774453993_2774453990,2774453993,2774453990,72.381,residential,16,2,138.4
272514053,272514053_2774453993_2774453990,2774453993,2774453990,72.381,residential,17,2,141.5
272514053,272514053_2774453993_2774453990,2774453993,2774453990,72.381,residential,18,2,150.6
272514053,272514053_2774453993_2774453990,2774453993,2774453990,72.381,residential,19,2,119.1
272514053,272514053_2774453993_2774453990,2774453993,2774453990,72.381,residential,20,2,121.3
272514053,272514053_2774453993_2774453990,2774453993,2774453990,72.381,residential,21,2,114.7
272514053,272514053_2774453993_2774453990,2774453993,2774453990,72.381,residential,22,2,111.9
272514053,272514053_2774453993_2774453990,2774453993,2774453990,72.381,residential,23,2,112.9
272514053,272514053_2774453993_2774453990,2774453993,2774453990,72.381,residential,0,3,120.5
272514053,272514053_2774453993_2774453990,2774453993,2774453990,72.381,residential,1,3,124.6
272514053,272514053_2774453993_2774453990,2774453993,2774453990,72.381,residential,2,3,119.5
272514053,272514053_2774453993_2774453990,2774453993,2774453990,72.381,residential,3,3,116.4
272514053,272514053_2774453993_2774453990,2774453993,2774453990,72.381,residential,4,3,118.5
272514053,272514053_2774453993_2774453990,2774453993,2774453990,72.381,residential,5,3,116.7
272514053,272514053_2774453993_2774453990,2774453993,2774453990,72.381,residential,6,3,124.3
272514053,272514053_2774453993_2774453990,2774453993,2774453990,72.381,residential,7,3,141.0
272514053,272514053_2774453993_2774453990,2774453993,2774453990,72.381,residential,8,3,136.9
272514053,272514053_2774453993_2774453990,2774453993,2774453990,72.381,residential,9,3,132.7
272514053,272514053_2774453993_2774453990,2774453993,2774453990,72.381,residential,10,3,112.3
272514053,272514053_2774453993_2774453990,2774453993,2774453990,72.381,residential,11,3,125.4
272514053,272514053_2774453993_2774453990,2774453993,2774453990,72.381,residential,12,3,132.3
272514053,272514053_2774453993_2774453990,2774453993,2774453990,72.381,residential,13,3,136.4
272514053,272514053_2774453993_2774453990,2774453993,2774453990,72.381,residential,14,3,116.7
272514053,272514053_2774453993_2774453990,2774453993,2774453990,72.381,residential,15,3,114.8
272514053,272514053_2774453993_2774453990,2774453993,2774453990,72.381,residential,16,3,137.6
272514053,272514053_2774453993_2774453990,2774453993,2774453990,72.381,residential,17,3,142.3
272514053,272514053_2774453993_2774453990,2774453993,2774453990,72.381,residential,18,3,148.8
272514053,272514053_2774453993_2774453990,2774453993,2774453990,72.381,residential,19,3,121.2
272514053,272514053_2774453993_2774453990,2774453993,2774453990,72.381,residential,20,3,117.6
272514053,272514053_2774453993_2774453990,2774453993,2774453990,72.381,residential,21,3,117.1
272514053,272514053_2774453993_2774453990,2774453993,2774453990,72.381,residential,22,3,114.7
272514053,272514053_2774453993_2774453990,2774453993,2774453990,72.381,residential,23,3,112.5
272514053,272514053_2774453993_2774453990,2774453993,2774453990,72.381,residential,0,4,123.7
272514053,272514053_2774453993_2774453990,2774453993,2774453990,72.381,residential,1,4,124.7
272514053,272514053_2774453993_2774453990,2774453993,2774453990,72.381,residential,2,4,120.1
272514053,272514053_2774453993_2774453990,2774453993,2774453990,72.381,residential,3,4,113.7
272514053,272514053_2774453993_2774453990,2774453993,2774453990,72.381,residential,4,4,113.6
272514053,272514053_2774453993_2774453990,2774453993,2774453990,72.381,residential,5,4,120.8
272514053,272514053_2774453993_2774453990,2774453993,2774453990,72.381,residential,6,4,123.1
272514053,272514053_2774453993_2774453990,2774453993,2774453990,72.381,residential,7,4,140.2
272514053,272514053_2774453993_2774453990,2774453993,2774453990,72.381,residential,8,4,137.8
272514053,272514053_2774453993_2774453990,2774453993,2774453990,72.381,residential,9,4,130.0
272514053,272514053_2774453993_2774453990,2774453993,2774453990,72.381,residential,10,4,111.8
272514053,272514053_2774453993_2774453990,2774453993,2774453990,72.381,residential,11,4,130.2
272514053,272514053_2774453993_2774453990,2774453993,2774453990,72.381,residential,12,4,133.8
272514053,272514053_2774453993_2774453990,2774453993,2774453990,72.381,residential,13,4,139.1
272514053,272514053_2774453993_2774453990,2774453993,2774453990,72.381,residential,14,4,118.2
272514053,272514053_2774453993_2774453990,2774453993,2774453990,72.381,residential,15,4,114.4
272514053,272514053_2774453993_2774453990,2774453993,2774453990,72.381,residential,16,4,140.7
272514053,272514053_2774453993_2774453990,2774453993,2774453990,72.381,residential,17,4,143.9
272514053,272514053_2774453993_2774453990,2774453993,2774453990,72.381,residential,18,4,150.0
272514053,272514053_2774453993_2774453990,2774453993,2774453990,72.381,residential,19,4,119.0
272514053,272514053_2774453993_2774453990,2774453993,2774453990,72.381,residential,20,4,120.3
272514053,272514053_2774453993_2774453990,2774453993,2774453990,72.381,residential,21,4,117.5
272514053,272514053_2774453993_2774453990,2774453993,2774453990,72.381,residential,22,4,110.9
272514053,272514053_2774453993_2774453990,2774453993,2774453990,72.381,residential,23,4,113.2
272514053,272514053_2774453993_2774453990,2774453993,2774453990,72.381,residential,0,5,120.1
272514053,272514053_2774453993_2774453990,2774453993,2774453990,72.381,residential,1,5,123.3
272514053,272514053_2774453993_2774453990,2774453993,2774453990,72.381,residential,2,5,117.5
272514053,272514053_2774453993_2774453990,2774453993,2774453990,72.381,residential,3,5,114.5
272514053,272514053_2774453993_2774453990,2774453993,2774453990,72.381,residential,4,5,113.0
272514053,272514053_2774453993_2774453990,2774453993,2774453990,72.381,residential,5,5,118.5
272514053,272514053_2774453993_2774453990,2774453993,2774453990,72.381,residential,6,5,121.7
272514053,272514053_2774453993_2774453990,2774453993,2774453990,72.381,residential,7,5,138.5
272514053,272514053_2774453993_2774453990,2774453993,2774453990,72.381,residential,8,5,136.9
272514053,272514053_2774453993_2774453990,2774453993,2774453990,72.381,residential,9,5,130.5
272514053,272514053_2774453993_2774453990,2774453993,2774453990,72.381,residential,10,5,114.3
272514053,272514053_2774453993_2774453990,2774453993,2774453990,72.381,residential,11,5,125.0
272514053,272514053_2774453993_2774453990,2774453993,2774453990,72.381,residential,12,5,131.4
272514053,272514053_2774453993_2774453990,2774453993,2774453990,72.381,residential,13,5,138.5
272514053,272514053_2774453993_2774453990,2774453993,2774453990,72.381,residential,14,5,115.5
272514053,272514053_2774453993_2774453990,2774453993,2774453990,72.381,residential,15,5,110.9
272514053,272514053_2774453993_2774453990,2774453993,2774453990,72.381,residential,16,5,138.0
272514053,272514053_2774453993_2774453990,2774453993,2774453990,72.381,residential,17,5,143.3
272514053,272514053_2774453993_2774453990,2774453993,2774453990,72.381,residential,18,5,150.5
272514053,272514053_2774453993_2774453990,2774453993,2774453990,72.381,residential,19,5,117.8
272514053,272514053_2774453993_2774453990,2774453993,2774453990,72.381,residential,20,5,120.9
272514053,272514053_2774453993_2774453990,2774453993,2774453990,72.381,residential,21,5,117.0
272514053,272514053_2774453993_2774453990,2774453993,2774453990,72.381,residential,22,5,111.8
272514053,272514053_2774453993_2774453990,2774453993,2774453990,72.381,residential,23,5,114.2
272514053,272514053_2774453993_2774453990,2774453993,2774453990,72.381,residential,0,6,121.8
272514053,272514053_2774453993_2774453990,2774453993,2774453990,72.381,residential,1,6,122.3
272514053,272514053_2774453993_2774453990,2774453993,2774453990,72.381,residential,2,6,119.5
272514053,272514053_2774453993_2774453990,2774453993,2774453990,72.381,residential,3,6,117.5
272514053,272514053_2774453993_2774453990,2774453993,2774453990,72.381,residential,4,6,114.1
272514053,272514053_2774453993_2774453990,2774453993,2774453990,72.381,residential,5,6,116.2
272514053,272514053_2774453993_2774453990,2774453993,2774453990,72.381,residential,6,6,119.7
272514053,272514053_2774453993_2774453990,2774453993,2774453990,72.381,residential,7,6,140.2
272514053,272514053_2774453993_2774453990,2774453993,2774453990,72.381,residential,8,6,135.0
272514053,272514053_2774453993_2774453990,2774453993,2774453990,72.381,residential,9,6,128.8
272514053,272514053_2774453993_2774453990,2774453993,2774453990,72.381,residential,10,6,111.0
272514053,272514053_2774453993_2774453990,2774453993,2774453990,72.381,residential,11,6,127.3
272514053,272514053_2774453993_2774453990,2774453993,2774453990,72.381,residential,12,6,135.1
272514053,272514053_2774453993_2774453990,2774453993,2774453990,72.381,residential,13,6,135.5
272514053,272514053_2774453993_2774453990,2774453993,2774453990,72.381,residential,14,6,117.5
272514053,272514053_2774453993_2774453990,2774453993,2774453990,72.381,residential,15,6,111.2
272514053,272514053_2774453993_2774453990,2774453993,2774453990,72.381,residential,16,6,138.0
272514053,272514053_2774453993_2774453990,2774453993,2774453990,72.381,residential,17,6,140.8
272514053,272514053_2774453993_2774453990,2774453993,2774453990,72.381,residential,18,6,149.5
272514053,272514053_2774453993_2774453990,2774453993,2774453990,72.381,residential,19,6,121.0
272514053,272514053_2774453993_2774453990,2774453993,2774453990,72.381,residential,20,6,118.3
272514053,272514053_2774453993_2774453990,2774453993,2774453990,72.381,residential,21,6,115.6
272514053,272514053_2774453993_2774453990,2774453993,2774453990,72.381,residential,22,6,112.9
272514053,272514053_2774453993_2774453990,2774453993,2774453990,72.381,residential,23,6,115.2
321958786,321958786_2774453990_2774453989,2774453990,2774453989,76.417,residential,0,0,129.7
321958786,321958786_2774453990_2774453989,2774453990,2774453989,76.417,residential,1,0,124.8
321958786,321958786_2774453990_2774453989,2774453990,2774453989,76.417,residential,2,0,119.7
321958786,321958786_2774453990_2774453989,2774453990,2774453989,76.417,residential,3,0,120.9
321958786,321958786_2774453990_2774453989,2774453990,2774453989,76.417,residential,4,0,128.8
321958786,321958786_2774453990_2774453989,2774453990,2774453989,76.417,residential,5,0,129.2
321958786,321958786_2774453990_2774453989,2774453990,2774453989,76.417,residential,6,0,130.0
321958786,321958786_2774453990_2774453989,2774453990,2774453989,76.417,residential,7,0,144.2
321958786,321958786_2774453990_2774453989,2774453990,2774453989,76.417,residential,8,0,135.7
321958786,321958786_2774453990_2774453989,2774453990,2774453989,76.417,residential,9,0,143.0
321958786,321958786_2774453990_2774453989,2774453990,2774453989,76.417,residential,10,0,123.0
321958786,321958786_2774453990_2774453989,2774453990,2774453989,76.417,residential,11,0,148.3
321958786,321958786_2774453990_2774453989,2774453990,2774453989,76.417,residential,12,0,151.2
321958786,321958786_2774453990_2774453989,2774453990,2774453989,76.417,residential,13,0,150.8
321958786,321958786_2774453990_2774453989,2774453990,2774453989,76.417,residential,14,0,121.2
321958786,321958786_2774453990_2774453989,2774453990,2774453989,76.417,residential,15,0,117.0
321958786,321958786_2774453990_2774453989,2774453990,2774453989,76.417,residential,16,0,153.5
321958786,321958786_2774453990_2774453989,2774453990,2774453989,76.417,residential,17,0,163.2
321958786,321958786_2774453990_2774453989,2774453990,2774453989,76.417,residential,18,0,160.3
321958786,321958786_2774453990_2774453989,2774453990,2774453989,76.417,residential,19,0,128.9
321958786,321958786_2774453990_2774453989,2774453990,2774453989,76.417,residential,20,0,120.5
321958786,321958786_2774453990_2774453989,2774453990,2774453989,76.417,residential,21,0,118.5
321958786,321958786_2774453990_2774453989,2774453990,2774453989,76.417,residential,22,0,124.0
321958786,321958786_2774453990_2774453989,2774453990,2774453989,76.417,residential,23,0,127.9
321958786,321958786_2774453990_2774453989,2774453990,2774453989,76.417,residential,0,1,127.0
321958786,321958786_2774453990_2774453989,2774453990,2774453989,76.417,residential,1,1,124.2
321958786,321958786_2774453990_2774453989,2774453990,2774453989,76.417,residential,2,1,123.2
321958786,321958786_2774453990_2774453989,2774453990,2774453989,76.417,residential,3,1,122.9
321958786,321958786_2774453990_2774453989,2774453990,2774453989,76.417,residential,4,1,126.7
321958786,321958786_2774453990_2774453989,2774453990,2774453989,76.417,residential,5,1,128.9
321958786,321958786_2774453990_2774453989,2774453990,2774453989,76.417,residential,6,1,130.4
321958786,321958786_2774453990_2774453989,2774453990,2774453989,76.417,residential,7,1,144.5
321958786,321958786_2774453990_2774453989,2774453990,2774453989,76.417,residential,8,1,136.7
321958786,321958786_2774453990_2774453989,2774453990,2774453989,76.417,residential,9,1,142.5
321958786,321958786_2774453990_2774453989,2774453990,2774453989,76.417,residential,10,1,119.4
321958786,321958786_2774453990_2774453989,2774453990,2774453989,76.417,residential,11,1,143.0
321958786,321958786_2774453990_2774453989,2774453990,2774453989,76.417,residential,12,1,148.0
321958786,321958786_2774453990_2774453989,2774453990,2774453989,76.417,residential,13,1,148.8
321958786,321958786_2774453990_2774453989,2774453990,2774453989,76.417,residential,14,1,121.3
321958786,321958786_2774453990_2774453989,2774453990,2774453989,76.417,residential,15,1,115.6
321958786,321958786_2774453990_2774453989,2774453990,2774453989,76.417,residential,16,1,157.1
321958786,321958786_2774453990_2774453989,2774453990,2774453989,76.417,residential,17,1,163.0
321958786,321958786_2774453990_2774453989,2774453990,2774453989,76.417,residential,18,1,165.6
321958786,321958786_2774453990_2774453989,2774453990,2774453989,76.417,residential,19,1,128.4
321958786,321958786_2774453990_2774453989,2774453990,2774453989,76.417,residential,20,1,122.7
321958786,321958786_2774453990_2774453989,2774453990,2774453989,76.417,residential,21,1,122.9
321958786,321958786_2774453990_2774453989,2774453990,2774453989,76.417,residential,22,1,124.3
321958786,321958786_2774453990_2774453989,2774453990,2774453989,76.417,residential,23,1,129.5
321958786,321958786_2774453990_2774453989,2774453990,2774453989,76.417,residential,0,2,128.3
321958786,321958786_2774453990_2774453989,2774453990,2774453989,76.417,residential,1,2,123.3
321958786,321958786_2774453990_2774453989,2774453990,2774453989,76.417,residential,2,2,120.1
321958786,321958786_2774453990_2774453989,2774453990,2774453989,76.417,residential,3,2,123.9
321958786,321958786_2774453990_2774453989,2774453990,2774453989,76.417,residential,4,2,126.8
321958786,321958786_2774453990_2774453989,2774453990,2774453989,76.417,residential,5,2,126.8
321958786,321958786_2774453990_2774453989,2774453990,2774453989,76.417,residential,6,2,129.4
321958786,321958786_2774453990_2774453989,2774453990,2774453989,76.417,residential,7,2,140.9
321958786,321958786_2774453990_2774453989,2774453990,2774453989,76.417,residential,8,2,136.7
321958786,321958786_2774453990_2774453989,2774453990,2774453989,76.417,residential,9,2,141.9
321958786,321958786_2774453990_2774453989,2774453990,2774453989,76.417,residential,10,2,119.6
321958786,321958786_2774453990_2774453989,2774453990,2774453989,76.417,residential,11,2,143.3
321958786,321958786_2774453990_2774453989,2774453990,2774453989,76.417,residential,12,2,150.4
321958786,321958786_2774453990_2774453989,2774453990,2774453989,76.417,residential,13,2,145.5
321958786,321958786_2774453990_2774453989,2774453990,2774453989,76.417,residential,14,2,119.1
321958786,321958786_2774453990_2774453989,2774453990,2774453989,76.417,residential,15,2,115.5
321958786,321958786_2774453990_2774453989,2774453990,2774453989,76.417,residential,16,2,156.1
321958786,321958786_2774453990_2774453989,2774453990,2774453989,76.417,residential,17,2,159.3
321958786,321958786_2774453990_2774453989,2774453990,2774453989,76.417,residential,18,2,160.1
321958786,321958786_2774453990_2774453989,2774453990,2774453989,76.417,residential,19,2,125.5
321958786,321958786_2774453990_2774453989,2774453990,2774453989,76.417,residential,20,2,122.7
321958786,321958786_2774453990_2774453989,2774453990,2774453989,76.417,residential,21,2,119.1
321958786,321958786_2774453990_2774453989,2774453990,2774453989,76.417,residential,22,2,119.5
321958786,321958786_2774453990_2774453989,2774453990,2774453989,76.417,residential,23,2,126.6
321958786,321958786_2774453990_2774453989,2774453990,2774453989,76.417,residential,0,3,131.2
321958786,321958786_2774453990_2774453989,2774453990,2774453989,76.417,residential,1,3,125.7
321958786,321958786_2774453990_2774453989,2774453990,2774453989,76.417,residential,2,3,121.4
321958786,321958786_2774453990_2774453989,2774453990,2774453989,76.417,residential,3,3,122.6
321958786,321958786_2774453990_2774453989,2774453990,2774453989,76.417,residential,4,3,124.6
321958786,321958786_2774453990_2774453989,2774453990,2774453989,76.417,residential,5,3,128.2
321958786,321958786_2774453990_2774453989,2774453990,2774453989,76.417,residential,6,3,130.6
321958786,321958786_2774453990_2774453989,2774453990,2774453989,76.417,residential,7,3,138.9
321958786,321958786_2774453990_2774453989,2774453990,2774453989,76.417,residential,8,3,139.2
321958786,321958786_2774453990_2774453989,2774453990,2774453989,76.417,residential,9,3,140.0
321958786,321958786_2774453990_2774453989,2774453990,2774453989,76.417,residential,10,3,120.0
321958786,321958786_2774453990_2774453989,2774453990,2774453989,76.417,residential,11,3,144.0
321958786,321958786_2774453990_2774453989,2774453990,2774453989,76.417,residential,12,3,148.2
321958786,321958786_2774453990_2774453989,2774453990,2774453989,76.417,residential,13,3,149.2
321958786,321958786_2774453990_2774453989,2774453990,2774453989,76.417,residential,14,3,118.1
321958786,321958786_2774453990_2774453989,2774453990,2774453989,76.417,residential,15,3,116.2
321958786,321958786_2774453990_2774453989,2774453990,2774453989,76.417,residential,16,3,156.2
321958786,321958786_2774453990_2774453989,2774453990,2774453989,76.417,residential,17,3,162.7
321958786,321958786_2774453990_2774453989,2774453990,2774453989,76.417,residential,18,3,164.0
321958786,321958786_2774453990_2774453989,2774453990,2774453989,76.417,residential,19,3,127.7
321958786,321958786_2774453990_2774453989,2774453990,2774453989,76.417,residential,20,3,122.1
321958786,321958786_2774453990_2774453989,2774453990,2774453989,76.417,residential,21,3,123.1
321958786,321958786_2774453990_2774453989,2774453990,2774453989,76.417,residential,22,3,121.4
321958786,321958786_2774453990_2774453989,2774453990,2774453989,76.417,residential,23,3,124.2
321958786,321958786_2774453990_2774453989,2774453990,2774453989,76.417,residential,0,4,132.4
321958786,321958786_2774453990_2774453989,2774453990,2774453989,76.417,residential,1,4,126.9
321958786,321958786_2774453990_2774453989,2774453990,2774453989,76.417,residential,2,4,122.8
321958786,321958786_2774453990_2774453989,2774453990,2774453989,76.417,residential,3,4,121.1
321958786,321958786_2774453990_2774453989,2774453990,2774453989,76.417,residential,4,4,129.0
321958786,321958786_2774453990_2774453989,2774453990,2774453989,76.417,residential,5,4,132.3
321958786,321958786_2774453990_2774453989,2774453990,2774453989,76.417,residential,6,4,127.1
321958786,321958786_2774453990_2774453989,2774453990,2774453989,76.417,residential,7,4,144.4
321958786,321958786_2774453990_2774453989,2774453990,2774453989,76.417,residential,8,4,140.5
321958786,321958786_2774453990_2774453989,2774453990,2774453989,76.417,residential,9,4,140.9
321958786,321958786_2774453990_2774453989,2774453990,2774453989,76.417,residential,10,4,123.2
321958786,321958786_2774453990_2774453989,2774453990,2774453989,76.417,residential,11,4,147.8
321958786,321958786_2774453990_2774453989,2774453990,2774453989,76.417,residential,12,4,148.5
321958786,321958786_2774453990_2774453989,2774453990,2774453989,76.417,residential,13,4,148.8
321958786,321958786_2774453990_2774453989,2774453990,2774453989,76.417,residential,14,4,118.0
321958786,321958786_2774453990_2774453989,2774453990,2774453989,76.417,residential,15,4,118.1
321958786,321958786_2774453990_2774453989,2774453990,2774453989,76.417,residential,16,4,154.4
321958786,321958786_2774453990_2774453989,2774453990,2774453989,76.417,residential,17,4,160.0
321958786,321958786_2774453990_2774453989,2774453990,2774453989,76.417,residential,18,4,161.2
321958786,321958786_2774453990_2774453989,2774453990,2774453989,76.417,residential,19,4,125.0
321958786,321958786_2774453990_2774453989,2774453990,2774453989,76.417,residential,20,4,125.3
321958786,321958786_2774453990_2774453989,2774453990,2774453989,76.417,residential,21,4,118.0
321958786,321958786_2774453990_2774453989,2774453990,2774453989,76.417,residential,22,4,124.1
321958786,321958786_2774453990_2774453989,2774453990,2774453989,76.417,residential,23,4,126.2
321958786,321958786_2774453990_2774453989,2774453990,2774453989,76.417,residential,0,5,127.8
321958786,321958786_2774453990_2774453989,2774453990,2774453989,76.417,residential,1,5,127.4
321958786,321958786_2774453990_2774453989,2774453990,2774453989,76.417,residential,2,5,120.1
321958786,321958786_2774453990_2774453989,2774453990,2774453989,76.417,residential,3,5,123.0
321958786,321958786_2774453990_2774453989,2774453990,2774453989,76.417,residential,4,5,123.7
321958786,321958786_2774453990_2774453989,2774453990,2774453989,76.417,residential,5,5,128.1
321958786,321958786_2774453990_2774453989,2774453990,2774453989,76.417,residential,6,5,128.3
321958786,321958786_2774453990_2774453989,2774453990,2774453989,76.417,residential,7,5,139.6
321958786,321958786_2774453990_2774453989,2774453990,2774453989,76.417,residential,8,5,135.3
321958786,321958786_2774453990_2774453989,2774453990,2774453989,76.417,residential,9,5,138.0
321958786,321958786_2774453990_2774453989,2774453990,2774453989,76.417,residential,10,5,120.6
321958786,321958786_2774453990_2774453989,2774453990,2774453989,76.417,residential,11,5,144.0
321958786,321958786_2774453990_2774453989,2774453990,2774453989,76.417,residential,12,5,149.5
321958786,321958786_2774453990_2774453989,2774453990,2774453989,76.417,residential,13,5,145.2
321958786,321958786_2774453990_2774453989,2774453990,2774453989,76.417,residential,14,5,117.8
321958786,321958786_2774453990_2774453989,2774453990,2774453989,76.417,residential,15,5,115.2
321958786,321958786_2774453990_2774453989,2774453990,2774453989,76.417,residential,16,5,155.0
321958786,321958786_2774453990_2774453989,2774453990,2774453989,76.417,residential,17,5,162.3
321958786,321958786_2774453990_2774453989,2774453990,2774453989,76.417,residential,18,5,162.5
321958786,321958786_2774453990_2774453989,2774453990,2774453989,76.417,residential,19,5,124.6
321958786,321958786_2774453990_2774453989,2774453990,2774453989,76.417,residential,20,5,123.7
321958786,321958786_2774453990_2774453989,2774453990,2774453989,76.417,residential,21,5,120.7
321958786,321958786_2774453990_2774453989,2774453990,2774453989,76.417,residential,22,5,118.8
321958786,321958786_2774453990_2774453989,2774453990,2774453989,76.417,residential,23,5,126.0
321958786,321958786_2774453990_2774453989,2774453990,2774453989,76.417,residential,0,6,126.9
321958786,321958786_2774453990_2774453989,2774453990,2774453989,76.417,residential,1,6,124.4
321958786,321958786_2774453990_2774453989,2774453990,2774453989,76.417,residential,2,6,122.7
321958786,321958786_2774453990_2774453989,2774453990,2774453989,76.417,residential,3,6,121.6
321958786,321958786_2774453990_2774453989,2774453990,2774453989,76.417,residential,4,6,128.1
321958786,321958786_2774453990_2774453989,2774453990,2774453989,76.417,residential,5,6,128.7
321958786,321958786_2774453990_2774453989,2774453990,2774453989,76.417,residential,6,6,130.3
321958786,321958786_2774453990_2774453989,2774453990,2774453989,76.417,residential,7,6,143.6
321958786,321958786_2774453990_2774453989,2774453990,2774453989,76.417,residential,8,6,134.7
321958786,321958786_2774453990_2774453989,2774453990,2774453989,76.417,residential,9,6,139.2
321958786,321958786_2774453990_2774453989,2774453990,2774453989,76.417,residential,10,6,123.2
321958786,321958786_2774453990_2774453989,2774453990,2774453989,76.417,residential,11,6,145.0
321958786,321958786_2774453990_2774453989,2774453990,2774453989,76.417,residential,12,6,147.3
321958786,321958786_2774453990_2774453989,2774453990,2774453989,76.417,residential,13,6,149.2
321958786,321958786_2774453990_2774453989,2774453990,2774453989,76.417,residential,14,6,118.7
321958786,321958786_2774453990_2774453989,2774453990,2774453989,76.417,residential,15,6,116.6
321958786,321958786_2774453990_2774453989,2774453990,2774453989,76.417,residential,16,6,156.6
321958786,321958786_2774453990_2774453989,2774453990,2774453989,76.417,residential,17,6,161.3
321958786,321958786_2774453990_2774453989,2774453990,2774453989,76.417,residential,18,6,160.8
321958786,321958786_2774453990_2774453989,2774453990,2774453989,76.417,residential,19,6,128.1
321958786,321958786_2774453990_2774453989,2774453990,2774453989,76.417,residential,20,6,123.5
321958786,321958786_2774453990_2774453989,2774453990,2774453989,76.417,residential,21,6,118.3
321958786,321958786_2774453990_2774453989,2774453990,2774453989,76.417,residential,22,6,120.1
321958786,321958786_2774453990_2774453989,2774453990,2774453989,76.417,residential,23,6,125.3
312550762,312550762_2774454001_11397544335,2774454001,11397544335,32.161,residential,0,0,51.7
312550762,312550762_2774454001_11397544335,2774454001,11397544335,32.161,residential,1,0,50.5
312550762,312550762_2774454001_11397544335,2774454001,11397544335,32.161,residential,2,0,52.1
312550762,312550762_2774454001_11397544335,2774454001,11397544335,32.161,residential,3,0,52.6
312550762,312550762_2774454001_11397544335,2774454001,11397544335,32.161,residential,4,0,55.4
312550762,312550762_2774454001_11397544335,2774454001,11397544335,32.161,residential,5,0,52.7
312550762,312550762_2774454001_11397544335,2774454001,11397544335,32.161,residential,6,0,51.0
312550762,312550762_2774454001_11397544335,2774454001,11397544335,32.161,residential,7,0,59.4
312550762,312550762_2774454001_11397544335,2774454001,11397544335,32.161,residential,8,0,61.1
312550762,312550762_2774454001_11397544335,2774454001,11397544335,32.161,residential,9,0,63.4
312550762,312550762_2774454001_11397544335,2774454001,11397544335,32.161,residential,10,0,52.5
312550762,312550762_2774454001_11397544335,2774454001,11397544335,32.161,residential,11,0,64.7
312550762,312550762_2774454001_11397544335,2774454001,11397544335,32.161,residential,12,0,62.5
312550762,312550762_2774454001_11397544335,2774454001,11397544335,32.161,residential,13,0,60.2
312550762,312550762_2774454001_11397544335,2774454001,11397544335,32.161,residential,14,0,50.4
312550762,312550762_2774454001_11397544335,2774454001,11397544335,32.161,residential,15,0,50.9
312550762,312550762_2774454001_11397544335,2774454001,11397544335,32.161,residential,16,0,68.4
312550762,312550762_2774454001_11397544335,2774454001,11397544335,32.161,residential,17,0,69.2
312550762,312550762_2774454001_11397544335,2774454001,11397544335,32.161,residential,18,0,65.5
312550762,312550762_2774454001_11397544335,2774454001,11397544335,32.161,residential,19,0,52.2
312550762,312550762_2774454001_11397544335,2774454001,11397544335,32.161,residential,20,0,51.0
312550762,312550762_2774454001_11397544335,2774454001,11397544335,32.161,residential,21,0,52.8
312550762,312550762_2774454001_11397544335,2774454001,11397544335,32.161,residential,22,0,54.9
312550762,312550762_2774454001_11397544335,2774454001,11397544335,32.161,residential,23,0,56.1
312550762,312550762_2774454001_11397544335,2774454001,11397544335,32.161,residential,0,1,51.6
312550762,312550762_2774454001_11397544335,2774454001,11397544335,32.161,residential,1,1,51.1
312550762,312550762_2774454001_11397544335,2774454001,11397544335,32.161,residential,2,1,50.5
312550762,312550762_2774454001_11397544335,2774454001,11397544335,32.161,residential,3,1,52.6
312550762,312550762_2774454001_11397544335,2774454001,11397544335,32.161,residential,4,1,55.4
312550762,312550762_2774454001_11397544335,2774454001,11397544335,32.161,residential,5,1,54.4
312550762,312550762_2774454001_11397544335,2774454001,11397544335,32.161,residential,6,1,50.5
312550762,312550762_2774454001_11397544335,2774454001,11397544335,32.161,residential,7,1,57.6
312550762,312550762_2774454001_11397544335,2774454001,11397544335,32.161,residential,8,1,59.3
312550762,312550762_2774454001_11397544335,2774454001,11397544335,32.161,residential,9,1,62.8
312550762,312550762_2774454001_11397544335,2774454001,11397544335,32.161,residential,10,1,54.1
312550762,312550762_2774454001_11397544335,2774454001,11397544335,32.161,residential,11,1,62.4
312550762,312550762_2774454001_11397544335,2774454001,11397544335,32.161,residential,12,1,62.1
312550762,312550762_2774454001_11397544335,2774454001,11397544335,32.161,residential,13,1,60.6
312550762,312550762_2774454001_11397544335,2774454001,11397544335,32.161,residential,14,1,49.8
312550762,312550762_2774454001_11397544335,2774454001,11397544335,32.161,residential,15,1,51.3
312550762,312550762_2774454001_11397544335,2774454001,11397544335,32.161,residential,16,1,68.4
312550762,312550762_2774454001_11397544335,2774454001,11397544335,32.161,residential,17,1,68.5
312550762,312550762_2774454001_11397544335,2774454001,11397544335,32.161,residential,18,1,66.5
312550762,312550762_2774454001_11397544335,2774454001,11397544335,32.161,residential,19,1,52.5
312550762,312550762_2774454001_11397544335,2774454001,11397544335,32.161,residential,20,1,51.5
312550762,312550762_2774454001_11397544335,2774454001,11397544335,32.161,residential,21,1,52.4
312550762,312550762_2774454001_11397544335,2774454001,11397544335,32.161,residential,22,1,53.6
312550762,312550762_2774454001_11397544335,2774454001,11397544335,32.161,residential,23,1,56.2
312550762,312550762_2774454001_11397544335,2774454001,11397544335,32.161,residential,0,2,51.2
312550762,312550762_2774454001_11397544335,2774454001,11397544335,32.161,residential,1,2,51.0
312550762,312550762_2774454001_11397544335,2774454001,11397544335,32.161,residential,2,2,52.6
312550762,312550762_2774454001_11397544335,2774454001,11397544335,32.161,residential,3,2,54.2
312550762,312550762_2774454001_11397544335,2774454001,11397544335,32.161,residential,4,2,55.0
312550762,312550762_2774454001_11397544335,2774454001,11397544335,32.161,residential,5,2,54.2
312550762,312550762_2774454001_11397544335,2774454001,11397544335,32.161,residential,6,2,51.2
312550762,312550762_2774454001_11397544335,2774454001,11397544335,32.161,residential,7,2,59.2
312550762,312550762_2774454001_11397544335,2774454001,11397544335,32.161,residential,8,2,61.3
312550762,312550762_2774454001_11397544335,2774454001,11397544335,32.161,residential,9,2,64.6
312550762,312550762_2774454001_11397544335,2774454001,11397544335,32.161,residential,10,2,52.7
312550762,312550762_2774454001_11397544335,2774454001,11397544335,32.161,residential,11,2,64.3
312550762,312550762_2774454001_11397544335,2774454001,11397544335,32.161,residential,12,2,62.5
312550762,312550762_2774454001_11397544335,2774454001,11397544335,32.161,residential,13,2,59.9
312550762,312550762_2774454001_11397544335,2774454001,11397544335,32.161,residential,14,2,50.6
312550762,312550762_2774454001_11397544335,2774454001,11397544335,32.161,residential,15,2,50.4
312550762,312550762_2774454001_11397544335,2774454001,11397544335,32.161,residential,16,2,69.0
312550762,312550762_2774454001_11397544335,2774454001,11397544335,32.161,residential,17,2,67.7
312550762,312550762_2774454001_11397544335,2774454001,11397544335,32.161,residential,18,2,64.8
312550762,312550762_2774454001_11397544335,2774454001,11397544335,32.161,residential,19,2,52.7
312550762,312550762_2774454001_11397544335,2774454001,11397544335,32.161,residential,20,2,49.9
312550762,312550762_2774454001_11397544335,2774454001,11397544335,32.161,residential,21,2,52.3
312550762,312550762_2774454001_11397544335,2774454001,11397544335,32.161,residential,22,2,54.9
312550762,312550762_2774454001_11397544335,2774454001,11397544335,32.161,residential,23,2,54.5
312550762,312550762_2774454001_11397544335,2774454001,11397544335,32.161,residential,0,3,51.4
312550762,312550762_2774454001_11397544335,2774454001,11397544335,32.161,residential,1,3,50.5
312550762,312550762_2774454001_11397544335,2774454001,11397544335,32.161,residential,2,3,52.0
312550762,312550762_2774454001_11397544335,2774454001,11397544335,32.161,residential,3,3,54.3
312550762,312550762_2774454001_11397544335,2774454001,11397544335,32.161,residential,4,3,53.0
312550762,312550762_2774454001_11397544335,2774454001,11397544335,32.161,residential,5,3,53.8
312550762,312550762_2774454001_11397544335,2774454001,11397544335,32.161,residential,6,3,51.2
312550762,312550762_2774454001_11397544335,2774454001,11397544335,32.161,residential,7,3,58.1
312550762,312550762_2774454001_11397544335,2774454001,11397544335,32.161,residential,8,3,60.0
312550762,312550762_2774454001_11397544335,2774454001,11397544335,32.161,residential,9,3,64.7
312550762,312550762_2774454001_11397544335,2774454001,11397544335,32.161,residential,10,3,53.4
312550762,312550762_2774454001_11397544335,2774454001,11397544335,32.161,residential,11,3,64.0
312550762,312550762_2774454001_11397544335,2774454001,11397544335,32.161,residential,12,3,62.7
312550762,312550762_2774454001_11397544335,2774454001,11397544335,32.161,residential,13,3,60.7
312550762,312550762_2774454001_11397544335,2774454001,11397544335,32.161,residential,14,3,50.8
312550762,312550762_2774454001_11397544335,2774454001,11397544335,32.161,residential,15,3,51.6
312550762,312550762_2774454001_11397544335,2774454001,11397544335,32.161,residential,16,3,68.6
312550762,312550762_2774454001_11397544335,2774454001,11397544335,32.161,residential,17,3,67.4
312550762,312550762_2774454001_11397544335,2774454001,11397544335,32.161,residential,18,3,65.8
312550762,312550762_2774454001_11397544335,2774454001,11397544335,32.161,residential,19,3,51.0
312550762,312550762_2774454001_11397544335,2774454001,11397544335,32.161,residential,20,3,52.1
312550762,312550762_2774454001_11397544335,2774454001,11397544335,32.161,residential,21,3,52.7
312550762,312550762_2774454001_11397544335,2774454001,11397544335,32.161,residential,22,3,54.3
312550762,312550762_2774454001_11397544335,2774454001,11397544335,32.161,residential,23,3,54.1
312550762,312550762_2774454001_11397544335,2774454001,11397544335,32.161,residential,0,4,52.3
312550762,312550762_2774454001_11397544335,2774454001,11397544335,32.161,residential,1,4,50.5
312550762,312550762_2774454001_11397544335,2774454001,11397544335,32.161,residential,2,4,51.8
312550762,312550762_2774454001_11397544335,2774454001,11397544335,32.161,residential,3,4,53.0
312550762,312550762_2774454001_11397544335,2774454001,11397544335,32.161,residential,4,4,53.9
312550762,312550762_2774454001_11397544335,2774454001,11397544335,32.161,residential,5,4,52.8
312550762,312550762_2774454001_11397544335,2774454001,11397544335,32.161,residential,6,4,52.8
312550762,312550762_2774454001_11397544335,2774454001,11397544335,32.161,residential,7,4,58.0
312550762,312550762_2774454001_11397544335,2774454001,11397544335,32.161,residential,8,4,59.8
312550762,312550762_2774454001_11397544335,2774454001,11397544335,32.161,residential,9,4,64.6
312550762,312550762_2774454001_11397544335,2774454001,11397544335,32.161,residential,10,4,53.6
312550762,312550762_2774454001_11397544335,2774454001,11397544335,32.161,residential,11,4,63.5
312550762,312550762_2774454001_11397544335,2774454001,11397544335,32.161,residential,12,4,63.7
312550762,312550762_2774454001_11397544335,2774454001,11397544335,32.161,residential,13,4,60.1
312550762,312550762_2774454001_11397544335,2774454001,11397544335,32.161,residential,14,4,48.9
312550762,312550762_2774454001_11397544335,2774454001,11397544335,32.161,residential,15,4,50.7
312550762,312550762_2774454001_11397544335,2774454001,11397544335,32.161,residential,16,4,66.8
312550762,312550762_2774454001_11397544335,2774454001,11397544335,32.161,residential,17,4,69.1
312550762,312550762_2774454001_11397544335,2774454001,11397544335,32.161,residential,18,4,65.9
312550762,312550762_2774454001_11397544335,2774454001,11397544335,32.161,residential,19,4,51.7
312550762,312550762_2774454001_11397544335,2774454001,11397544335,32.161,residential,20,4,51.1
312550762,312550762_2774454001_11397544335,2774454001,11397544335,32.161,residential,21,4,52.0
312550762,312550762_2774454001_11397544335,2774454001,11397544335,32.161,residential,22,4,53.2
312550762,312550762_2774454001_11397544335,2774454001,11397544335,32.161,residential,23,4,54.2
312550762,312550762_2774454001_11397544335,2774454001,11397544335,32.161,residential,0,5,51.4
312550762,312550762_2774454001_11397544335,2774454001,11397544335,32.161,residential,1,5,51.3
312550762,312550762_2774454001_11397544335,2774454001,11397544335,32.161,residential,2,5,52.2
312550762,312550762_2774454001_11397544335,2774454001,11397544335,32.161,residential,3,5,51.6
312550762,312550762_2774454001_11397544335,2774454001,11397544335,32.161,residential,4,5,53.7
312550762,312550762_2774454001_11397544335,2774454001,11397544335,32.161,residential,5,5,53.3
312550762,312550762_2774454001_11397544335,2774454001,11397544335,32.161,residential,6,5,50.9
312550762,312550762_2774454001_11397544335,2774454001,11397544335,32.161,residential,7,5,57.8
312550762,312550762_2774454001_11397544335,2774454001,11397544335,32.161,residential,8,5,59.2
312550762,312550762_2774454001_11397544335,2774454001,11397544335,32.161,residential,9,5,64.0
312550762,312550762_2774454001_11397544335,2774454001,11397544335,32.161,residential,10,5,52.0
312550762,312550762_2774454001_11397544335,2774454001,11397544335,32.161,residential,11,5,62.3
312550762,312550762_2774454001_11397544335,2774454001,11397544335,32.161,residential,12,5,61.2
312550762,312550762_2774454001_11397544335,2774454001,11397544335,32.161,residential,13,5,60.4
312550762,312550762_2774454001_11397544335,2774454001,11397544335,32.161,residential,14,5,49.5
312550762,312550762_2774454001_11397544335,2774454001,11397544335,32.161,residential,15,5,49.9
312550762,312550762_2774454001_11397544335,2774454001,11397544335,32.161,residential,16,5,68.4
312550762,312550762_2774454001_11397544335,2774454001,11397544335,32.161,residential,17,5,66.8
312550762,312550762_2774454001_11397544335,2774454001,11397544335,32.161,residential,18,5,65.4
312550762,312550762_2774454001_11397544335,2774454001,11397544335,32.161,residential,19,5,51.2
312550762,312550762_2774454001_11397544335,2774454001,11397544335,32.161,residential,20,5,51.7
312550762,312550762_2774454001_11397544335,2774454001,11397544335,32.161,residential,21,5,51.0
312550762,312550762_2774454001_11397544335,2774454001,11397544335,32.161,residential,22,5,52.5
312550762,312550762_2774454001_11397544335,2774454001,11397544335,32.161,residential,23,5,55.4
312550762,312550762_2774454001_11397544335,2774454001,11397544335,32.161,residential,0,6,51.2
312550762,312550762_2774454001_11397544335,2774454001,11397544335,32.161,residential,1,6,51.4
312550762,312550762_2774454001_11397544335,2774454001,11397544335,32.161,residential,2,6,52.1
312550762,312550762_2774454001_11397544335,2774454001,11397544335,32.161,residential,3,6,53.6
312550762,312550762_2774454001_11397544335,2774454001,11397544335,32.161,residential,4,6,53.4
312550762,312550762_2774454001_11397544335,2774454001,11397544335,32.161,residential,5,6,53.6
312550762,312550762_2774454001_11397544335,2774454001,11397544335,32.161,residential,6,6,50.5
312550762,312550762_2774454001_11397544335,2774454001,11397544335,32.161,residential,7,6,58.2
312550762,312550762_2774454001_11397544335,2774454001,11397544335,32.161,residential,8,6,59.9
312550762,312550762_2774454001_11397544335,2774454001,11397544335,32.161,residential,9,6,62.4
312550762,312550762_2774454001_11397544335,2774454001,11397544335,32.161,residential,10,6,51.4
312550762,312550762_2774454001_11397544335,2774454001,11397544335,32.161,residential,11,6,62.1
312550762,312550762_2774454001_11397544335,2774454001,11397544335,32.161,residential,12,6,63.1
312550762,312550762_2774454001_11397544335,2774454001,11397544335,32.161,residential,13,6,61.3
312550762,312550762_2774454001_11397544335,2774454001,11397544335,32.161,residential,14,6,50.3
312550762,312550762_2774454001_11397544335,2774454001,11397544335,32.161,residential,15,6,51.3
312550762,312550762_2774454001_11397544335,2774454001,11397544335,32.161,residential,16,6,68.3
312550762,312550762_2774454001_11397544335,2774454001,11397544335,32.161,residential,17,6,67.9
312550762,312550762_2774454001_11397544335,2774454001,11397544335,32.161,residential,18,6,64.8
312550762,312550762_2774454001_11397544335,2774454001,11397544335,32.161,residential,19,6,50.6
312550762,312550762_2774454001_11397544335,2774454001,11397544335,32.161,residential,20,6,50.1
312550762,312550762_2774454001_11397544335,2774454001,11397544335,32.161,residential,21,6,51.7
312550762,312550762_2774454001_11397544335,2774454001,11397544335,32.161,residential,22,6,53.5
312550762,312550762_2774454001_11397544335,2774454001,11397544335,32.161,residential,23,6,55.4
312550763,312550763_3184239214_2774454003,3184239214,2774454003,41.445,residential,0,0,64.1
312550763,312550763_3184239214_2774454003,3184239214,2774454003,41.445,residential,1,0,67.3
312550763,312550763_3184239214_2774454003,3184239214,2774454003,41.445,residential,2,0,67.8
312550763,312550763_3184239214_2774454003,3184239214,2774454003,41.445,residential,3,0,69.2
312550763,312550763_3184239214_2774454003,3184239214,2774454003,41.445,residential,4,0,67.7
312550763,312550763_3184239214_2774454003,3184239214,2774454003,41.445,residential,5,0,65.0
312550763,312550763_3184239214_2774454003,3184239214,2774454003,41.445,residential,6,0,63.3
312550763,312550763_3184239214_2774454003,3184239214,2774454003,41.445,residential,7,0,77.8
312550763,312550763_3184239214_2774454003,3184239214,2774454003,41.445,residential,8,0,83.2
312550763,312550763_3184239214_2774454003,3184239214,2774454003,41.445,residential,9,0,88.0
312550763,312550763_3184239214_2774454003,3184239214,2774454003,41.445,residential,10,0,68.2
312550763,312550763_3184239214_2774454003,3184239214,2774454003,41.445,residential,11,0,80.0
312550763,312550763_3184239214_2774454003,3184239214,2774454003,41.445,residential,12,0,79.1
312550763,312550763_3184239214_2774454003,3184239214,2774454003,41.445,residential,13,0,77.7
312550763,312550763_3184239214_2774454003,3184239214,2774454003,41.445,residential,14,0,67.4
312550763,312550763_3184239214_2774454003,3184239214,2774454003,41.445,residential,15,0,68.9
312550763,312550763_3184239214_2774454003,3184239214,2774454003,41.445,residential,16,0,87.1
312550763,312550763_3184239214_2774454003,3184239214,2774454003,41.445,residential,17,0,83.2
312550763,312550763_3184239214_2774454003,3184239214,2774454003,41.445,residential,18,0,77.3
312550763,312550763_3184239214_2774454003,3184239214,2774454003,41.445,residential,19,0,64.9
312550763,312550763_3184239214_2774454003,3184239214,2774454003,41.445,residential,20,0,66.8
312550763,312550763_3184239214_2774454003,3184239214,2774454003,41.445,residential,21,0,70.2
312550763,312550763_3184239214_2774454003,3184239214,2774454003,41.445,residential,22,0,69.9
312550763,312550763_3184239214_2774454003,3184239214,2774454003,41.445,residential,23,0,68.8
312550763,312550763_3184239214_2774454003,3184239214,2774454003,41.445,residential,0,1,65.3
312550763,312550763_3184239214_2774454003,3184239214,2774454003,41.445,residential,1,1,66.0
312550763,312550763_3184239214_2774454003,3184239214,2774454003,41.445,residential,2,1,68.3
312550763,312550763_3184239214_2774454003,3184239214,2774454003,41.445,residential,3,1,68.6
312550763,312550763_3184239214_2774454003,3184239214,2774454003,41.445,residential,4,1,67.9
312550763,312550763_3184239214_2774454003,3184239214,2774454003,41.445,residential,5,1,65.7
312550763,312550763_3184239214_2774454003,3184239214,2774454003,41.445,residential,6,1,63.3
312550763,312550763_3184239214_2774454003,3184239214,2774454003,41.445,residential,7,1,78.1
312550763,312550763_3184239214_2774454003,3184239214,2774454003,41.445,residential,8,1,84.4
312550763,312550763_3184239214_2774454003,3184239214,2774454003,41.445,residential,9,1,88.3
312550763,312550763_3184239214_2774454003,3184239214,2774454003,41.445,residential,10,1,68.2
312550763,312550763_3184239214_2774454003,3184239214,2774454003,41.445,residential,11,1,79.5
312550763,312550763_3184239214_2774454003,3184239214,2774454003,41.445,residential,12,1,76.4
312550763,312550763_3184239214_2774454003,3184239214,2774454003,41.445,residential,13,1,77.2
312550763,312550763_3184239214_2774454003,3184239214,2774454003,41.445,residential,14,1,65.8
312550763,312550763_3184239214_2774454003,3184239214,2774454003,41.445,residential,15,1,69.2
312550763,312550763_3184239214_2774454003,3184239214,2774454003,41.445,residential,16,1,85.5
312550763,312550763_3184239214_2774454003,3184239214,2774454003,41.445,residential,17,1,82.1
312550763,312550763_3184239214_2774454003,3184239214,2774454003,41.445,residential,18,1,78.8
312550763,312550763_3184239214_2774454003,3184239214,2774454003,41.445,residential,19,1,65.4
312550763,312550763_3184239214_2774454003,3184239214,2774454003,41.445,residential,20,1,68.1
312550763,312550763_3184239214_2774454003,3184239214,2774454003,41.445,residential,21,1,71.1
312550763,312550763_3184239214_2774454003,3184239214,2774454003,41.445,residential,22,1,70.5
312550763,312550763_3184239214_2774454003,3184239214,2774454003,41.445,residential,23,1,69.1
312550763,312550763_3184239214_2774454003,3184239214,2774454003,41.445,residential,0,2,64.4
312550763,312550763_3184239214_2774454003,3184239214,2774454003,41.445,residential,1,2,66.0
312550763,312550763_3184239214_2774454003,3184239214,2774454003,41.445,residential,2,2,69.5
312550763,312550763_3184239214_2774454003,3184239214,2774454003,41.445,residential,3,2,68.6
312550763,312550763_3184239214_2774454003,3184239214,2774454003,41.445,residential,4,2,67.3
312550763,312550763_3184239214_2774454003,3184239214,2774454003,41.445,residential,5,2,66.2
312550763,312550763_3184239214_2774454003,3184239214,2774454003,41.445,residential,6,2,63.6
312550763,312550763_3184239214_2774454003,3184239214,2774454003,41.445,residential,7,2,77.8
312550763,312550763_3184239214_2774454003,3184239214,2774454003,41.445,residential,8,2,84.6
312550763,312550763_3184239214_2774454003,3184239214,2774454003,41.445,residential,9,2,89.0
312550763,312550763_3184239214_2774454003,3184239214,2774454003,41.445,residential,10,2,68.1
312550763,312550763_3184239214_2774454003,3184239214,2774454003,41.445,residential,11,2,80.7
312550763,312550763_3184239214_2774454003,3184239214,2774454003,41.445,residential,12,2,78.4
312550763,312550763_3184239214_2774454003,3184239214,2774454003,41.445,residential,13,2,76.9
312550763,312550763_3184239214_2774454003,3184239214,2774454003,41.445,residential,14,2,68.5
312550763,312550763_3184239214_2774454003,3184239214,2774454003,41.445,residential,15,2,69.4
312550763,312550763_3184239214_2774454003,3184239214,2774454003,41.445,residential,16,2,87.7
312550763,312550763_3184239214_2774454003,3184239214,2774454003,41.445,residential,17,2,82.7
312550763,312550763_3184239214_2774454003,3184239214,2774454003,41.445,residential,18,2,79.4
312550763,312550763_3184239214_2774454003,3184239214,2774454003,41.445,residential,19,2,65.7
312550763,312550763_3184239214_2774454003,3184239214,2774454003,41.445,residential,20,2,67.5
312550763,312550763_3184239214_2774454003,3184239214,2774454003,41.445,residential,21,2,68.9
312550763,312550763_3184239214_2774454003,3184239214,2774454003,41.445,residential,22,2,70.1
312550763,312550763_3184239214_2774454003,3184239214,2774454003,41.445,residential,23,2,70.1
312550763,312550763_3184239214_2774454003,3184239214,2774454003,41.445,residential,0,3,65.9
312550763,312550763_3184239214_2774454003,3184239214,2774454003,41.445,residential,1,3,67.4
312550763,312550763_3184239214_2774454003,3184239214,2774454003,41.445,residential,2,3,67.2
312550763,312550763_3184239214_2774454003,3184239214,2774454003,41.445,residential,3,3,70.6
312550763,312550763_3184239214_2774454003,3184239214,2774454003,41.445,residential,4,3,69.0
312550763,312550763_3184239214_2774454003,3184239214,2774454003,41.445,residential,5,3,65.0
312550763,312550763_3184239214_2774454003,3184239214,2774454003,41.445,residential,6,3,63.2
312550763,312550763_3184239214_2774454003,3184239214,2774454003,41.445,residential,7,3,79.7
312550763,312550763_3184239214_2774454003,3184239214,2774454003,41.445,residential,8,3,84.3
312550763,312550763_3184239214_2774454003,3184239214,2774454003,41.445,residential,9,3,89.5
312550763,312550763_3184239214_2774454003,3184239214,2774454003,41.445,residential,10,3,67.5
312550763,312550763_3184239214_2774454003,3184239214,2774454003,41.445,residential,11,3,80.6
312550763,312550763_3184239214_2774454003,3184239214,2774454003,41.445,residential,12,3,79.3
312550763,312550763_3184239214_2774454003,3184239214,2774454003,41.445,residential,13,3,76.9
312550763,312550763_3184239214_2774454003,3184239214,2774454003,41.445,residential,14,3,66.7
312550763,312550763_3184239214_2774454003,3184239214,2774454003,41.445,residential,15,3,69.2
312550763,312550763_3184239214_2774454003,3184239214,2774454003,41.445,residential,16,3,87.1
312550763,312550763_3184239214_2774454003,3184239214,2774454003,41.445,residential,17,3,83.0
312550763,312550763_3184239214_2774454003,3184239214,2774454003,41.445,residential,18,3,79.6
312550763,312550763_3184239214_2774454003,3184239214,2774454003,41.445,residential,19,3,65.6
312550763,312550763_3184239214_2774454003,3184239214,2774454003,41.445,residential,20,3,66.9
312550763,312550763_3184239214_2774454003,3184239214,2774454003,41.445,residential,21,3,71.2
312550763,312550763_3184239214_2774454003,3184239214,2774454003,41.445,residential,22,3,70.1
312550763,312550763_3184239214_2774454003,3184239214,2774454003,41.445,residential,23,3,70.1
312550763,312550763_3184239214_2774454003,3184239214,2774454003,41.445,residential,0,4,64.0
312550763,312550763_3184239214_2774454003,3184239214,2774454003,41.445,residential,1,4,65.3
312550763,312550763_3184239214_2774454003,3184239214,2774454003,41.445,residential,2,4,68.8
312550763,312550763_3184239214_2774454003,3184239214,2774454003,41.445,residential,3,4,69.7
312550763,312550763_3184239214_2774454003,3184239214,2774454003,41.445,residential,4,4,66.9
312550763,312550763_3184239214_2774454003,3184239214,2774454003,41.445,residential,5,4,64.8
312550763,312550763_3184239214_2774454003,3184239214,2774454003,41.445,residential,6,4,62.7
312550763,312550763_3184239214_2774454003,3184239214,2774454003,41.445,residential,7,4,78.1
312550763,312550763_3184239214_2774454003,3184239214,2774454003,41.445,residential,8,4,85.7
312550763,312550763_3184239214_2774454003,3184239214,2774454003,41.445,residential,9,4,87.3
312550763,312550763_3184239214_2774454003,3184239214,2774454003,41.445,residential,10,4,69.5
312550763,312550763_3184239214_2774454003,3184239214,2774454003,41.445,residential,11,4,80.8
312550763,312550763_3184239214_2774454003,3184239214,2774454003,41.445,residential,12,4,76.4
312550763,312550763_3184239214_2774454003,3184239214,2774454003,41.445,residential,13,4,76.3
312550763,312550763_3184239214_2774454003,3184239214,2774454003,41.445,residential,14,4,67.5
312550763,312550763_3184239214_2774454003,3184239214,2774454003,41.445,residential,15,4,68.5
312550763,312550763_3184239214_2774454003,3184239214,2774454003,41.445,residential,16,4,87.6
312550763,312550763_3184239214_2774454003,3184239214,2774454003,41.445,residential,17,4,82.9
312550763,312550763_3184239214_2774454003,3184239214,2774454003,41.445,residential,18,4,78.6
312550763,312550763_3184239214_2774454003,3184239214,2774454003,41.445,residential,19,4,65.3
312550763,312550763_3184239214_2774454003,3184239214,2774454003,41.445,residential,20,4,68.2
312550763,312550763_3184239214_2774454003,3184239214,2774454003,41.445,residential,21,4,70.3
312550763,312550763_3184239214_2774454003,3184239214,2774454003,41.445,residential,22,4,72.2
312550763,312550763_3184239214_2774454003,3184239214,2774454003,41.445,residential,23,4,68.4
312550763,312550763_3184239214_2774454003,3184239214,2774454003,41.445,residential,0,5,63.4
312550763,312550763_3184239214_2774454003,3184239214,2774454003,41.445,residential,1,5,64.7
312550763,312550763_3184239214_2774454003,3184239214,2774454003,41.445,residential,2,5,66.6
312550763,312550763_3184239214_2774454003,3184239214,2774454003,41.445,residential,3,5,69.2
312550763,312550763_3184239214_2774454003,3184239214,2774454003,41.445,residential,4,5,66.7
312550763,312550763_3184239214_2774454003,3184239214,2774454003,41.445,residential,5,5,64.9
312550763,312550763_3184239214_2774454003,3184239214,2774454003,41.445,residential,6,5,62.3
312550763,312550763_3184239214_2774454003,3184239214,2774454003,41.445,residential,7,5,79.8
312550763,312550763_3184239214_2774454003,3184239214,2774454003,41.445,residential,8,5,84.1
312550763,312550763_3184239214_2774454003,3184239214,2774454003,41.445,residential,9,5,89.8
312550763,312550763_3184239214_2774454003,3184239214,2774454003,41.445,residential,10,5,67.7
312550763,312550763_3184239214_2774454003,3184239214,2774454003,41.445,residential,11,5,80.6
312550763,312550763_3184239214_2774454003,3184239214,2774454003,41.445,residential,12,5,79.0
312550763,312550763_3184239214_2774454003,3184239214,2774454003,41.445,residential,13,5,76.4
312550763,312550763_3184239214_2774454003,3184239214,2774454003,41.445,residential,14,5,65.9
312550763,312550763_3184239214_2774454003,3184239214,2774454003,41.445,residential,15,5,69.0
312550763,312550763_3184239214_2774454003,3184239214,2774454003,41.445,residential,16,5,87.3
312550763,312550763_3184239214_2774454003,3184239214,2774454003,41.445,residential,17,5,82.5
312550763,312550763_3184239214_2774454003,3184239214,2774454003,41.445,residential,18,5,78.2
312550763,312550763_3184239214_2774454003,3184239214,2774454003,41.445,residential,19,5,65.4
312550763,312550763_3184239214_2774454003,3184239214,2774454003,41.445,residential,20,5,66.9
312550763,312550763_3184239214_2774454003,3184239214,2774454003,41.445,residential,21,5,70.6
312550763,312550763_3184239214_2774454003,3184239214,2774454003,41.445,residential,22,5,70.5
312550763,312550763_3184239214_2774454003,3184239214,2774454003,41.445,residential,23,5,69.4
312550763,312550763_3184239214_2774454003,3184239214,2774454003,41.445,residential,0,6,64.8
312550763,312550763_3184239214_2774454003,3184239214,2774454003,41.445,residential,1,6,66.8
312550763,312550763_3184239214_2774454003,3184239214,2774454003,41.445,residential,2,6,69.4
312550763,312550763_3184239214_2774454003,3184239214,2774454003,41.445,residential,3,6,69.5
312550763,312550763_3184239214_2774454003,3184239214,2774454003,41.445,residential,4,6,67.0
312550763,312550763_3184239214_2774454003,3184239214,2774454003,41.445,residential,5,6,66.5
312550763,312550763_3184239214_2774454003,3184239214,2774454003,41.445,residential,6,6,63.2
312550763,312550763_3184239214_2774454003,3184239214,2774454003,41.445,residential,7,6,79.4
312550763,312550763_3184239214_2774454003,3184239214,2774454003,41.445,residential,8,6,84.6
312550763,312550763_3184239214_2774454003,3184239214,2774454003,41.445,residential,9,6,89.4
312550763,312550763_3184239214_2774454003,3184239214,2774454003,41.445,residential,10,6,67.5
312550763,312550763_3184239214_2774454003,3184239214,2774454003,41.445,residential,11,6,80.5
312550763,312550763_3184239214_2774454003,3184239214,2774454003,41.445,residential,12,6,76.6
312550763,312550763_3184239214_2774454003,3184239214,2774454003,41.445,residential,13,6,75.6
312550763,312550763_3184239214_2774454003,3184239214,2774454003,41.445,residential,14,6,65.2
312550763,312550763_3184239214_2774454003,3184239214,2774454003,41.445,residential,15,6,67.7
312550763,312550763_3184239214_2774454003,3184239214,2774454003,41.445,residential,16,6,86.0
312550763,312550763_3184239214_2774454003,3184239214,2774454003,41.445,residential,17,6,81.9
312550763,312550763_3184239214_2774454003,3184239214,2774454003,41.445,residential,18,6,78.9
312550763,312550763_3184239214_2774454003,3184239214,2774454003,41.445,residential,19,6,65.3
312550763,312550763_3184239214_2774454003,3184239214,2774454003,41.445,residential,20,6,65.8
312550763,312550763_3184239214_2774454003,3184239214,2774454003,41.445,residential,21,6,70.5
312550763,312550763_3184239214_2774454003,3184239214,2774454003,41.445,residential,22,6,69.3
312550763,312550763_3184239214_2774454003,3184239214,2774454003,41.445,residential,23,6,70.5
312550764,312550764_2774453993_3162474196,2774453993,3162474196,7.306,residential,0,0,11.8
312550764,312550764_2774453993_3162474196,2774453993,3162474196,7.306,residential,1,0,12.3
312550764,312550764_2774453993_3162474196,2774453993,3162474196,7.306,residential,2,0,12.1
312550764,312550764_2774453993_3162474196,2774453993,3162474196,7.306,residential,3,0,11.9
312550764,312550764_2774453993_3162474196,2774453993,3162474196,7.306,residential,4,0,11.6
312550764,312550764_2774453993_3162474196,2774453993,3162474196,7.306,residential,5,0,11.0
312550764,312550764_2774453993_3162474196,2774453993,3162474196,7.306,residential,6,0,11.2
312550764,312550764_2774453993_3162474196,2774453993,3162474196,7.306,residential,7,0,15.1
312550764,312550764_2774453993_3162474196,2774453993,3162474196,7.306,residential,8,0,16.1
312550764,312550764_2774453993_3162474196,2774453993,3162474196,7.306,residential,9,0,16.1
312550764,312550764_2774453993_3162474196,2774453993,3162474196,7.306,residential,10,0,11.5
312550764,312550764_2774453993_3162474196,2774453993,3162474196,7.306,residential,11,0,13.4
312550764,312550764_2774453993_3162474196,2774453993,3162474196,7.306,residential,12,0,13.7
312550764,312550764_2774453993_3162474196,2774453993,3162474196,7.306,residential,13,0,13.7
312550764,312550764_2774453993_3162474196,2774453993,3162474196,7.306,residential,14,0,12.3
312550764,312550764_2774453993_3162474196,2774453993,3162474196,7.306,residential,15,0,12.3
312550764,312550764_2774453993_3162474196,2774453993,3162474196,7.306,residential,16,0,14.4
312550764,312550764_2774453993_3162474196,2774453993,3162474196,7.306,residential,17,0,13.4
312550764,312550764_2774453993_3162474196,2774453993,3162474196,7.306,residential,18,0,13.0
312550764,312550764_2774453993_3162474196,2774453993,3162474196,7.306,residential,19,0,11.9
312550764,312550764_2774453993_3162474196,2774453993,3162474196,7.306,residential,20,0,12.3
312550764,312550764_2774453993_3162474196,2774453993,3162474196,7.306,residential,21,0,12.6
312550764,312550764_2774453993_3162474196,2774453993,3162474196,7.306,residential,22,0,11.9
312550764,312550764_2774453993_3162474196,2774453993,3162474196,7.306,residential,23,0,11.7
312550764,312550764_2774453993_3162474196,2774453993,3162474196,7.306,residential,0,1,11.5
312550764,312550764_2774453993_3162474196,2774453993,3162474196,7.306,residential,1,1,12.2
312550764,312550764_2774453993_3162474196,2774453993,3162474196,7.306,residential,2,1,12.3
312550764,312550764_2774453993_3162474196,2774453993,3162474196,7.306,residential,3,1,11.9
312550764,312550764_2774453993_3162474196,2774453993,3162474196,7.306,residential,4,1,11.5
312550764,312550764_2774453993_3162474196,2774453993,3162474196,7.306,residential,5,1,11.3
312550764,312550764_2774453993_3162474196,2774453993,3162474196,7.306,residential,6,1,11.3
312550764,312550764_2774453993_3162474196,2774453993,3162474196,7.306,residential,7,1,15.5
312550764,312550764_2774453993_3162474196,2774453993,3162474196,7.306,residential,8,1,15.8
312550764,312550764_2774453993_3162474196,2774453993,3162474196,7.306,residential,9,1,16.1
312550764,312550764_2774453993_3162474196,2774453993,3162474196,7.306,residential,10,1,11.9
312550764,312550764_2774453993_3162474196,2774453993,3162474196,7.306,residential,11,1,13.7
312550764,312550764_2774453993_3162474196,2774453993,3162474196,7.306,residential,12,1,13.6
312550764,312550764_2774453993_3162474196,2774453993,3162474196,7.306,residential,13,1,13.6
312550764,312550764_2774453993_3162474196,2774453993,3162474196,7.306,residential,14,1,12.5
312550764,312550764_2774453993_3162474196,2774453993,3162474196,7.306,residential,15,1,12.2
312550764,312550764_2774453993_3162474196,2774453993,3162474196,7.306,residential,16,1,14.2
312550764,312550764_2774453993_3162474196,2774453993,3162474196,7.306,residential,17,1,13.3
312550764,312550764_2774453993_3162474196,2774453993,3162474196,7.306,residential,18,1,12.9
312550764,312550764_2774453993_3162474196,2774453993,3162474196,7.306,residential,19,1,12.2
312550764,312550764_2774453993_3162474196,2774453993,3162474196,7.306,residential,20,1,12.6
312550764,312550764_2774453993_3162474196,2774453993,3162474196,7.306,residential,21,1,12.2
312550764,312550764_2774453993_3162474196,2774453993,3162474196,7.306,residential,22,1,12.4
312550764,312550764_2774453993_3162474196,2774453993,3162474196,7.306,residential,23,1,11.4
312550764,312550764_2774453993_3162474196,2774453993,3162474196,7.306,residential,0,2,11.4
312550764,312550764_2774453993_3162474196,2774453993,3162474196,7.306,residential,1,2,12.1
312550764,312550764_2774453993_3162474196,2774453993,3162474196,7.306,residential,2,2,12.4
312550764,312550764_2774453993_3162474196,2774453993,3162474196,7.306,residential,3,2,12.1
312550764,312550764_2774453993_3162474196,2774453993,3162474196,7.306,residential,4,2,11.2
312550764,312550764_2774453993_3162474196,2774453993,3162474196,7.306,residential,5,2,11.0
312550764,312550764_2774453993_3162474196,2774453993,3162474196,7.306,residential,6,2,11.7
312550764,312550764_2774453993_3162474196,2774453993,3162474196,7.306,residential,7,2,15.3
312550764,312550764_2774453993_3162474196,2774453993,3162474196,7.306,residential,8,2,16.1
312550764,312550764_2774453993_3162474196,2774453993,3162474196,7.306,residential,9,2,15.9
312550764,312550764_2774453993_3162474196,2774453993,3162474196,7.306,residential,10,2,11.9
312550764,312550764_2774453993_3162474196,2774453993,3162474196,7.306,residential,11,2,13.6
312550764,312550764_2774453993_3162474196,2774453993,3162474196,7.306,residential,12,2,13.6
312550764,312550764_2774453993_3162474196,2774453993,3162474196,7.306,residential,13,2,13.6
312550764,312550764_2774453993_3162474196,2774453993,3162474196,7.306,residential,14,2,12.6
312550764,312550764_2774453993_3162474196,2774453993,3162474196,7.306,residential,15,2,12.3
312550764,312550764_2774453993_3162474196,2774453993,3162474196,7.306,residential,16,2,14.0
312550764,312550764_2774453993_3162474196,2774453993,3162474196,7.306,residential,17,2,13.5
312550764,312550764_2774453993_3162474196,2774453993,3162474196,7.306,residential,18,2,13.2
312550764,312550764_2774453993_3162474196,2774453993,3162474196,7.306,residential,19,2,11.8
312550764,312550764_2774453993_3162474196,2774453993,3162474196,7.306,residential,20,2,12.6
312550764,312550764_2774453993_3162474196,2774453993,3162474196,7.306,residential,21,2,12.2
312550764,312550764_2774453993_3162474196,2774453993,3162474196,7.306,residential,22,2,11.9
312550764,312550764_2774453993_3162474196,2774453993,3162474196,7.306,residential,23,2,11.7
312550764,312550764_2774453993_3162474196,2774453993,3162474196,7.306,residential,0,3,11.7
312550764,312550764_2774453993_3162474196,2774453993,3162474196,7.306,residential,1,3,11.9
312550764,312550764_2774453993_3162474196,2774453993,3162474196,7.306,residential,2,3,12.2
312550764,312550764_2774453993_3162474196,2774453993,3162474196,7.306,residential,3,3,11.6
312550764,312550764_2774453993_3162474196,2774453993,3162474196,7.306,residential,4,3,11.5
312550764,312550764_2774453993_3162474196,2774453993,3162474196,7.306,residential,5,3,11.0
312550764,312550764_2774453993_3162474196,2774453993,3162474196,7.306,residential,6,3,11.2
312550764,312550764_2774453993_3162474196,2774453993,3162474196,7.306,residential,7,3,15.2
312550764,312550764_2774453993_3162474196,2774453993,3162474196,7.306,residential,8,3,16.1
312550764,312550764_2774453993_3162474196,2774453993,3162474196,7.306,residential,9,3,15.7
312550764,312550764_2774453993_3162474196,2774453993,3162474196,7.306,residential,10,3,11.7
312550764,312550764_2774453993_3162474196,2774453993,3162474196,7.306,residential,11,3,13.4
312550764,312550764_2774453993_3162474196,2774453993,3162474196,7.306,residential,12,3,13.6
312550764,312550764_2774453993_3162474196,2774453993,3162474196,7.306,residential,13,3,13.6
312550764,312550764_2774453993_3162474196,2774453993,3162474196,7.306,residential,14,3,12.6
312550764,312550764_2774453993_3162474196,2774453993,3162474196,7.306,residential,15,3,12.6
312550764,312550764_2774453993_3162474196,2774453993,3162474196,7.306,residential,16,3,14.0
312550764,312550764_2774453993_3162474196,2774453993,3162474196,7.306,residential,17,3,13.6
312550764,312550764_2774453993_3162474196,2774453993,3162474196,7.306,residential,18,3,13.2
312550764,312550764_2774453993_3162474196,2774453993,3162474196,7.306,residential,19,3,12.2
312550764,312550764_2774453993_3162474196,2774453993,3162474196,7.306,residential,20,3,12.6
312550764,312550764_2774453993_3162474196,2774453993,3162474196,7.306,residential,21,3,12.6
312550764,312550764_2774453993_3162474196,2774453993,3162474196,7.306,residential,22,3,12.0
312550764,312550764_2774453993_3162474196,2774453993,3162474196,7.306,residential,23,3,11.7
312550764,312550764_2774453993_3162474196,2774453993,3162474196,7.306,residential,0,4,11.9
312550764,312550764_2774453993_3162474196,2774453993,3162474196,7.306,residential,1,4,12.1
312550764,312550764_2774453993_3162474196,2774453993,3162474196,7.306,residential,2,4,12.4
312550764,312550764_2774453993_3162474196,2774453993,3162474196,7.306,residential,3,4,11.9
312550764,312550764_2774453993_3162474196,2774453993,3162474196,7.306,residential,4,4,11.6
312550764,312550764_2774453993_3162474196,2774453993,3162474196,7.306,residential,5,4,11.2
312550764,312550764_2774453993_3162474196,2774453993,3162474196,7.306,residential,6,4,11.2
312550764,312550764_2774453993_3162474196,2774453993,3162474196,7.306,residential,7,4,15.1
312550764,312550764_2774453993_3162474196,2774453993,3162474196,7.306,residential,8,4,15.8
312550764,312550764_2774453993_3162474196,2774453993,3162474196,7.306,residential,9,4,15.9
312550764,312550764_2774453993_3162474196,2774453993,3162474196,7.306,residential,10,4,11.8
312550764,312550764_2774453993_3162474196,2774453993,3162474196,7.306,residential,11,4,13.3
312550764,312550764_2774453993_3162474196,2774453993,3162474196,7.306,residential,12,4,13.5
312550764,312550764_2774453993_3162474196,2774453993,3162474196,7.306,residential,13,4,13.4
312550764,312550764_2774453993_3162474196,2774453993,3162474196,7.306,residential,14,4,12.5
312550764,312550764_2774453993_3162474196,2774453993,3162474196,7.306,residential,15,4,12.5
312550764,312550764_2774453993_3162474196,2774453993,3162474196,7.306,residential,16,4,14.0
312550764,312550764_2774453993_3162474196,2774453993,3162474196,7.306,residential,17,4,13.2
312550764,312550764_2774453993_3162474196,2774453993,3162474196,7.306,residential,18,4,13.0
312550764,312550764_2774453993_3162474196,2774453993,3162474196,7.306,residential,19,4,12.2
312550764,312550764_2774453993_3162474196,2774453993,3162474196,7.306,residential,20,4,12.2
312550764,312550764_2774453993_3162474196,2774453993,3162474196,7.306,residential,21,4,12.7
312550764,312550764_2774453993_3162474196,2774453993,3162474196,7.306,residential,22,4,12.1
312550764,312550764_2774453993_3162474196,2774453993,3162474196,7.306,residential,23,4,11.6
312550764,312550764_2774453993_3162474196,2774453993,3162474196,7.306,residential,0,5,11.4
312550764,312550764_2774453993_3162474196,2774453993,3162474196,7.306,residential,1,5,12.2
312550764,312550764_2774453993_3162474196,2774453993,3162474196,7.306,residential,2,5,12.2
312550764,312550764_2774453993_3162474196,2774453993,3162474196,7.306,residential,3,5,12.0
312550764,312550764_2774453993_3162474196,2774453993,3162474196,7.306,residential,4,5,11.4
312550764,312550764_2774453993_3162474196,2774453993,3162474196,7.306,residential,5,5,11.0
312550764,312550764_2774453993_3162474196,2774453993,3162474196,7.306,residential,6,5,11.1
312550764,312550764_2774453993_3162474196,2774453993,3162474196,7.306,residential,7,5,15.3
312550764,312550764_2774453993_3162474196,2774453993,3162474196,7.306,residential,8,5,15.8
312550764,312550764_2774453993_3162474196,2774453993,3162474196,7.306,residential,9,5,15.7
312550764,312550764_2774453993_3162474196,2774453993,3162474196,7.306,residential,10,5,11.8
312550764,312550764_2774453993_3162474196,2774453993,3162474196,7.306,residential,11,5,13.3
312550764,312550764_2774453993_3162474196,2774453993,3162474196,7.306,residential,12,5,13.2
312550764,312550764_2774453993_3162474196,2774453993,3162474196,7.306,residential,13,5,13.4
312550764,312550764_2774453993_3162474196,2774453993,3162474196,7.306,residential,14,5,12.1
312550764,312550764_2774453993_3162474196,2774453993,3162474196,7.306,residential,15,5,12.2
312550764,312550764_2774453993_3162474196,2774453993,3162474196,7.306,residential,16,5,14.3
312550764,312550764_2774453993_3162474196,2774453993,3162474196,7.306,residential,17,5,13.6
312550764,312550764_2774453993_3162474196,2774453993,3162474196,7.306,residential,18,5,12.8
312550764,312550764_2774453993_3162474196,2774453993,3162474196,7.306,residential,19,5,12.2
312550764,312550764_2774453993_3162474196,2774453993,3162474196,7.306,residential,20,5,12.2
312550764,312550764_2774453993_3162474196,2774453993,3162474196,7.306,residential,21,5,12.5
312550764,312550764_2774453993_3162474196,2774453993,3162474196,7.306,residential,22,5,12.2
312550764,312550764_2774453993_3162474196,2774453993,3162474196,7.306,residential,23,5,11.7
312550764,312550764_2774453993_3162474196,2774453993,3162474196,7.306,residential,0,6,11.4
312550764,312550764_2774453993_3162474196,2774453993,3162474196,7.306,residential,1,6,11.7
312550764,312550764_2774453993_3162474196,2774453993,3162474196,7.306,residential,2,6,12.0
312550764,312550764_2774453993_3162474196,2774453993,3162474196,7.306,residential,3,6,11.9
312550764,312550764_2774453993_3162474196,2774453993,3162474196,7.306,residential,4,6,11.2
312550764,312550764_2774453993_3162474196,2774453993,3162474196,7.306,residential,5,6,11.4
312550764,312550764_2774453993_3162474196,2774453993,3162474196,7.306,residential,6,6,11.4
312550764,312550764_2774453993_3162474196,2774453993,3162474196,7.306,residential,7,6,15.1
312550764,312550764_2774453993_3162474196,2774453993,3162474196,7.306,residential,8,6,15.8
312550764,312550764_2774453993_3162474196,2774453993,3162474196,7.306,residential,9,6,15.9
312550764,312550764_2774453993_3162474196,2774453993,3162474196,7.306,residential,10,6,11.8
312550764,312550764_2774453993_3162474196,2774453993,3162474196,7.306,residential,11,6,13.7
312550764,312550764_2774453993_3162474196,2774453993,3162474196,7.306,residential,12,6,13.6
312550764,312550764_2774453993_3162474196,2774453993,3162474196,7.306,residential,13,6,13.5
312550764,312550764_2774453993_3162474196,2774453993,3162474196,7.306,residential,14,6,12.3
312550764,312550764_2774453993_3162474196,2774453993,3162474196,7.306,residential,15,6,12.4
312550764,312550764_2774453993_3162474196,2774453993,3162474196,7.306,residential,16,6,14.2
312550764,312550764_2774453993_3162474196,2774453993,3162474196,7.306,residential,17,6,13.5
312550764,312550764_2774453993_3162474196,2774453993,3162474196,7.306,residential,18,6,12.9
312550764,312550764_2774453993_3162474196,2774453993,3162474196,7.306,residential,19,6,11.7
312550764,312550764_2774453993_3162474196,2774453993,3162474196,7.306,residential,20,6,12.3
312550764,312550764_2774453993_3162474196,2774453993,3162474196,7.306,residential,21,6,12.5
312550764,312550764_2774453993_3162474196,2774453993,3162474196,7.306,residential,22,6,12.1
312550764,312550764_2774453993_3162474196,2774453993,3162474196,7.306,residential,23,6,11.7
515106914,515106914_5031367043_5031367046,5031367043,5031367046,203.694,unclassified,0,0,337.9
515106914,515106914_5031367043_5031367046,5031367043,5031367046,203.694,unclassified,1,0,332.3
515106914,515106914_5031367043_5031367046,5031367043,5031367046,203.694,unclassified,2,0,328.4
515106914,515106914_5031367043_5031367046,5031367043,5031367046,203.694,unclassified,3,0,319.0
515106914,515106914_5031367043_5031367046,5031367043,5031367046,203.694,unclassified,4,0,306.4
515106914,515106914_5031367043_5031367046,5031367043,5031367046,203.694,unclassified,5,0,320.0
515106914,515106914_5031367043_5031367046,5031367043,5031367046,203.694,unclassified,6,0,339.4
515106914,515106914_5031367043_5031367046,5031367043,5031367046,203.694,unclassified,7,0,453.7
515106914,515106914_5031367043_5031367046,5031367043,5031367046,203.694,unclassified,8,0,444.0
515106914,515106914_5031367043_5031367046,5031367043,5031367046,203.694,unclassified,9,0,432.7
515106914,515106914_5031367043_5031367046,5031367043,5031367046,203.694,unclassified,10,0,316.6
515106914,515106914_5031367043_5031367046,5031367043,5031367046,203.694,unclassified,11,0,361.9
515106914,515106914_5031367043_5031367046,5031367043,5031367046,203.694,unclassified,12,0,371.6
515106914,515106914_5031367043_5031367046,5031367043,5031367046,203.694,unclassified,13,0,373.5
515106914,515106914_5031367043_5031367046,5031367043,5031367046,203.694,unclassified,14,0,344.3
515106914,515106914_5031367043_5031367046,5031367043,5031367046,203.694,unclassified,15,0,334.7
515106914,515106914_5031367043_5031367046,5031367043,5031367046,203.694,unclassified,16,0,366.6
515106914,515106914_5031367043_5031367046,5031367043,5031367046,203.694,unclassified,17,0,353.4
515106914,515106914_5031367043_5031367046,5031367043,5031367046,203.694,unclassified,18,0,361.8
515106914,515106914_5031367043_5031367046,5031367043,5031367046,203.694,unclassified,19,0,347.2
515106914,515106914_5031367043_5031367046,5031367043,5031367046,203.694,unclassified,20,0,340.0
515106914,515106914_5031367043_5031367046,5031367043,5031367046,203.694,unclassified,21,0,335.5
515106914,515106914_5031367043_5031367046,5031367043,5031367046,203.694,unclassified,22,0,313.5
515106914,515106914_5031367043_5031367046,5031367043,5031367046,203.694,unclassified,23,0,312.9
515106914,515106914_5031367043_5031367046,5031367043,5031367046,203.694,unclassified,0,1,332.2
515106914,515106914_5031367043_5031367046,5031367043,5031367046,203.694,unclassified,1,1,342.6
515106914,515106914_5031367043_5031367046,5031367043,5031367046,203.694,unclassified,2,1,334.8
515106914,515106914_5031367043_5031367046,5031367043,5031367046,203.694,unclassified,3,1,315.8
515106914,515106914_5031367043_5031367046,5031367043,5031367046,203.694,unclassified,4,1,308.3
515106914,515106914_5031367043_5031367046,5031367043,5031367046,203.694,unclassified,5,1,325.2
515106914,515106914_5031367043_5031367046,5031367043,5031367046,203.694,unclassified,6,1,339.0
515106914,515106914_5031367043_5031367046,5031367043,5031367046,203.694,unclassified,7,1,448.4
515106914,515106914_5031367043_5031367046,5031367043,5031367046,203.694,unclassified,8,1,440.7
515106914,515106914_5031367043_5031367046,5031367043,5031367046,203.694,unclassified,9,1,428.0
515106914,515106914_5031367043_5031367046,5031367043,5031367046,203.694,unclassified,10,1,325.5
515106914,515106914_5031367043_5031367046,5031367043,5031367046,203.694,unclassified,11,1,373.7
515106914,515106914_5031367043_5031367046,5031367043,5031367046,203.694,unclassified,12,1,379.6
515106914,515106914_5031367043_5031367046,5031367043,5031367046,203.694,unclassified,13,1,380.8
515106914,515106914_5031367043_5031367046,5031367043,5031367046,203.694,unclassified,14,1,348.6
515106914,515106914_5031367043_5031367046,5031367043,5031367046,203.694,unclassified,15,1,336.7
515106914,515106914_5031367043_5031367046,5031367043,5031367046,203.694,unclassified,16,1,368.8
515106914,515106914_5031367043_5031367046,5031367043,5031367046,203.694,unclassified,17,1,353.6
515106914,515106914_5031367043_5031367046,5031367043,5031367046,203.694,unclassified,18,1,375.0
515106914,515106914_5031367043_5031367046,5031367043,5031367046,203.694,unclassified,19,1,347.3
515106914,515106914_5031367043_5031367046,5031367043,5031367046,203.694,unclassified,20,1,347.6
515106914,515106914_5031367043_5031367046,5031367043,5031367046,203.694,unclassified,21,1,331.8
515106914,515106914_5031367043_5031367046,5031367043,5031367046,203.694,unclassified,22,1,316.2
515106914,515106914_5031367043_5031367046,5031367043,5031367046,203.694,unclassified,23,1,322.3
515106914,515106914_5031367043_5031367046,5031367043,5031367046,203.694,unclassified,0,2,337.1
515106914,515106914_5031367043_5031367046,5031367043,5031367046,203.694,unclassified,1,2,333.9
515106914,515106914_5031367043_5031367046,5031367043,5031367046,203.694,unclassified,2,2,325.6
515106914,515106914_5031367043_5031367046,5031367043,5031367046,203.694,unclassified,3,2,311.8
515106914,515106914_5031367043_5031367046,5031367043,5031367046,203.694,unclassified,4,2,317.9
515106914,515106914_5031367043_5031367046,5031367043,5031367046,203.694,unclassified,5,2,315.4
515106914,515106914_5031367043_5031367046,5031367043,5031367046,203.694,unclassified,6,2,336.3
515106914,515106914_5031367043_5031367046,5031367043,5031367046,203.694,unclassified,7,2,452.8
515106914,515106914_5031367043_5031367046,5031367043,5031367046,203.694,unclassified,8,2,448.4
515106914,515106914_5031367043_5031367046,5031367043,5031367046,203.694,unclassified,9,2,427.0
515106914,515106914_5031367043_5031367046,5031367043,5031367046,203.694,unclassified,10,2,315.6
515106914,515106914_5031367043_5031367046,5031367043,5031367046,203.694,unclassified,11,2,372.6
515106914,515106914_5031367043_5031367046,5031367043,5031367046,203.694,unclassified,12,2,368.8
515106914,515106914_5031367043_5031367046,5031367043,5031367046,203.694,unclassified,13,2,372.1
515106914,515106914_5031367043_5031367046,5031367043,5031367046,203.694,unclassified,14,2,341.4
515106914,515106914_5031367043_5031367046,5031367043,5031367046,203.694,unclassified,15,2,340.7
515106914,515106914_5031367043_5031367046,5031367043,5031367046,203.694,unclassified,16,2,370.4
515106914,515106914_5031367043_5031367046,5031367043,5031367046,203.694,unclassified,17,2,363.3
515106914,515106914_5031367043_5031367046,5031367043,5031367046,203.694,unclassified,18,2,363.5
515106914,515106914_5031367043_5031367046,5031367043,5031367046,203.694,unclassified,19,2,340.1
515106914,515106914_5031367043_5031367046,5031367043,5031367046,203.694,unclassified,20,2,351.0
515106914,515106914_5031367043_5031367046,5031367043,5031367046,203.694,unclassified,21,2,339.1
515106914,515106914_5031367043_5031367046,5031367043,5031367046,203.694,unclassified,22,2,313.5
515106914,515106914_5031367043_5031367046,5031367043,5031367046,203.694,unclassified,23,2,315.1
515106914,515106914_5031367043_5031367046,5031367043,5031367046,203.694,unclassified,0,3,339.2
515106914,515106914_5031367043_5031367046,5031367043,5031367046,203.694,unclassified,1,3,331.3
515106914,515106914_5031367043_5031367046,5031367043,5031367046,203.694,unclassified,2,3,334.1
515106914,515106914_5031367043_5031367046,5031367043,5031367046,203.694,unclassified,3,3,314.5
515106914,515106914_5031367043_5031367046,5031367043,5031367046,203.694,unclassified,4,3,306.1
515106914,515106914_5031367043_5031367046,5031367043,5031367046,203.694,unclassified,5,3,327.4
515106914,515106914_5031367043_5031367046,5031367043,5031367046,203.694,unclassified,6,3,330.9
515106914,515106914_5031367043_5031367046,5031367043,5031367046,203.694,unclassified,7,3,452.4
515106914,515106914_5031367043_5031367046,5031367043,5031367046,203.694,unclassified,8,3,438.1
515106914,515106914_5031367043_5031367046,5031367043,5031367046,203.694,unclassified,9,3,432.0
515106914,515106914_5031367043_5031367046,5031367043,5031367046,203.694,unclassified,10,3,323.7
515106914,515106914_5031367043_5031367046,5031367043,5031367046,203.694,unclassified,11,3,362.6
515106914,515106914_5031367043_5031367046,5031367043,5031367046,203.694,unclassified,12,3,376.3
515106914,515106914_5031367043_5031367046,5031367043,5031367046,203.694,unclassified,13,3,378.0
515106914,515106914_5031367043_5031367046,5031367043,5031367046,203.694,unclassified,14,3,350.7
515106914,515106914_5031367043_5031367046,5031367043,5031367046,203.694,unclassified,15,3,332.6
515106914,515106914_5031367043_5031367046,5031367043,5031367046,203.694,unclassified,16,3,362.2
515106914,515106914_5031367043_5031367046,5031367043,5031367046,203.694,unclassified,17,3,364.0
515106914,515106914_5031367043_5031367046,5031367043,5031367046,203.694,unclassified,18,3,365.5
515106914,515106914_5031367043_5031367046,5031367043,5031367046,203.694,unclassified,19,3,352.2
515106914,515106914_5031367043_5031367046,5031367043,5031367046,203.694,unclassified,20,3,347.9
515106914,515106914_5031367043_5031367046,5031367043,5031367046,203.694,unclassified,21,3,339.2
515106914,515106914_5031367043_5031367046,5031367043,5031367046,203.694,unclassified,22,3,313.9
515106914,515106914_5031367043_5031367046,5031367043,5031367046,203.694,unclassified,23,3,311.9
515106914,515106914_5031367043_5031367046,5031367043,5031367046,203.694,unclassified,0,4,340.8
515106914,515106914_5031367043_5031367046,5031367043,5031367046,203.694,unclassified,1,4,340.2
515106914,515106914_5031367043_5031367046,5031367043,5031367046,203.694,unclassified,2,4,329.9
515106914,515106914_5031367043_5031367046,5031367043,5031367046,203.694,unclassified,3,4,311.2
515106914,515106914_5031367043_5031367046,5031367043,5031367046,203.694,unclassified,4,4,312.1
515106914,515106914_5031367043_5031367046,5031367043,5031367046,203.694,unclassified,5,4,317.7
515106914,515106914_5031367043_5031367046,5031367043,5031367046,203.694,unclassified,6,4,333.4
515106914,515106914_5031367043_5031367046,5031367043,5031367046,203.694,unclassified,7,4,451.8
515106914,515106914_5031367043_5031367046,5031367043,5031367046,203.694,unclassified,8,4,448.9
515106914,515106914_5031367043_5031367046,5031367043,5031367046,203.694,unclassified,9,4,436.5
515106914,515106914_5031367043_5031367046,5031367043,5031367046,203.694,unclassified,10,4,321.4
515106914,515106914_5031367043_5031367046,5031367043,5031367046,203.694,unclassified,11,4,367.1
515106914,515106914_5031367043_5031367046,5031367043,5031367046,203.694,unclassified,12,4,374.8
515106914,515106914_5031367043_5031367046,5031367043,5031367046,203.694,unclassified,13,4,373.6
515106914,515106914_5031367043_5031367046,5031367043,5031367046,203.694,unclassified,14,4,345.4
515106914,515106914_5031367043_5031367046,5031367043,5031367046,203.694,unclassified,15,4,337.6
515106914,515106914_5031367043_5031367046,5031367043,5031367046,203.694,unclassified,16,4,361.4
515106914,515106914_5031367043_5031367046,5031367043,5031367046,203.694,unclassified,17,4,358.8
515106914,515106914_5031367043_5031367046,5031367043,5031367046,203.694,unclassified,18,4,372.7
515106914,515106914_5031367043_5031367046,5031367043,5031367046,203.694,unclassified,19,4,348.1
515106914,515106914_5031367043_5031367046,5031367043,5031367046,203.694,unclassified,20,4,344.9
515106914,515106914_5031367043_5031367046,5031367043,5031367046,203.694,unclassified,21,4,327.1
515106914,515106914_5031367043_5031367046,5031367043,5031367046,203.694,unclassified,22,4,320.1
515106914,515106914_5031367043_5031367046,5031367043,5031367046,203.694,unclassified,23,4,311.0
515106914,515106914_5031367043_5031367046,5031367043,5031367046,203.694,unclassified,0,5,337.5
515106914,515106914_5031367043_5031367046,5031367043,5031367046,203.694,unclassified,1,5,335.9
515106914,515106914_5031367043_5031367046,5031367043,5031367046,203.694,unclassified,2,5,323.7
515106914,515106914_5031367043_5031367046,5031367043,5031367046,203.694,unclassified,3,5,316.4
515106914,515106914_5031367043_5031367046,5031367043,5031367046,203.694,unclassified,4,5,307.0
515106914,515106914_5031367043_5031367046,5031367043,5031367046,203.694,unclassified,5,5,314.1
515106914,515106914_5031367043_5031367046,5031367043,5031367046,203.694,unclassified,6,5,337.8
515106914,515106914_5031367043_5031367046,5031367043,5031367046,203.694,unclassified,7,5,438.5
515106914,515106914_5031367043_5031367046,5031367043,5031367046,203.694,unclassified,8,5,445.8
515106914,515106914_5031367043_5031367046,5031367043,5031367046,203.694,unclassified,9,5,426.5
515106914,515106914_5031367043_5031367046,5031367043,5031367046,203.694,unclassified,10,5,321.6
515106914,515106914_5031367043_5031367046,5031367043,5031367046,203.694,unclassified,11,5,360.4
515106914,515106914_5031367043_5031367046,5031367043,5031367046,203.694,unclassified,12,5,365.8
515106914,515106914_5031367043_5031367046,5031367043,5031367046,203.694,unclassified,13,5,379.3
515106914,515106914_5031367043_5031367046,5031367043,5031367046,203.694,unclassified,14,5,341.3
515106914,515106914_5031367043_5031367046,5031367043,5031367046,203.694,unclassified,15,5,333.0
515106914,515106914_5031367043_5031367046,5031367043,5031367046,203.694,unclassified,16,5,357.3
515106914,515106914_5031367043_5031367046,5031367043,5031367046,203.694,unclassified,17,5,362.4
515106914,515106914_5031367043_5031367046,5031367043,5031367046,203.694,unclassified,18,5,362.6
515106914,515106914_5031367043_5031367046,5031367043,5031367046,203.694,unclassified,19,5,346.5
515106914,515106914_5031367043_5031367046,5031367043,5031367046,203.694,unclassified,20,5,337.1
515106914,515106914_5031367043_5031367046,5031367043,5031367046,203.694,unclassified,21,5,324.1
515106914,515106914_5031367043_5031367046,5031367043,5031367046,203.694,unclassified,22,5,314.2
515106914,515106914_5031367043_5031367046,5031367043,5031367046,203.694,unclassified,23,5,312.8
515106914,515106914_5031367043_5031367046,5031367043,5031367046,203.694,unclassified,0,6,336.3
515106914,515106914_5031367043_5031367046,5031367043,5031367046,203.694,unclassified,1,6,337.5
515106914,515106914_5031367043_5031367046,5031367043,5031367046,203.694,unclassified,2,6,331.8
515106914,515106914_5031367043_5031367046,5031367043,5031367046,203.694,unclassified,3,6,313.6
515106914,515106914_5031367043_5031367046,5031367043,5031367046,203.694,unclassified,4,6,313.4
515106914,515106914_5031367043_5031367046,5031367043,5031367046,203.694,unclassified,5,6,317.5
515106914,515106914_5031367043_5031367046,5031367043,5031367046,203.694,unclassified,6,6,331.9
515106914,515106914_5031367043_5031367046,5031367043,5031367046,203.694,unclassified,7,6,448.8
515106914,515106914_5031367043_5031367046,5031367043,5031367046,203.694,unclassified,8,6,448.0
515106914,515106914_5031367043_5031367046,5031367043,5031367046,203.694,unclassified,9,6,423.9
515106914,515106914_5031367043_5031367046,5031367043,5031367046,203.694,unclassified,10,6,326.0
515106914,515106914_5031367043_5031367046,5031367043,5031367046,203.694,unclassified,11,6,364.1
515106914,515106914_5031367043_5031367046,5031367043,5031367046,203.694,unclassified,12,6,374.7
515106914,515106914_5031367043_5031367046,5031367043,5031367046,203.694,unclassified,13,6,378.0
515106914,515106914_5031367043_5031367046,5031367043,5031367046,203.694,unclassified,14,6,346.0
515106914,515106914_5031367043_5031367046,5031367043,5031367046,203.694,unclassified,15,6,332.9
515106914,515106914_5031367043_5031367046,5031367043,5031367046,203.694,unclassified,16,6,363.3
515106914,515106914_5031367043_5031367046,5031367043,5031367046,203.694,unclassified,17,6,356.9
515106914,515106914_5031367043_5031367046,5031367043,5031367046,203.694,unclassified,18,6,371.7
515106914,515106914_5031367043_5031367046,5031367043,5031367046,203.694,unclassified,19,6,349.0
515106914,515106914_5031367043_5031367046,5031367043,5031367046,203.694,unclassified,20,6,343.4
515106914,515106914_5031367043_5031367046,5031367043,5031367046,203.694,unclassified,21,6,323.8
515106914,515106914_5031367043_5031367046,5031367043,5031367046,203.694,unclassified,22,6,323.6
515106914,515106914_5031367043_5031367046,5031367043,5031367046,203.694,unclassified,23,6,319.2
1224032071,1224032071_9465654964_690133607,9465654964,690133607,6.992,unclassified,0,0,11.4
1224032071,1224032071_9465654964_690133607,9465654964,690133607,6.992,unclassified,1,0,11.1
1224032071,1224032071_9465654964_690133607,9465654964,690133607,6.992,unclassified,2,0,11.1
1224032071,1224032071_9465654964_690133607,9465654964,690133607,6.992,unclassified,3,0,10.7
1224032071,1224032071_9465654964_690133607,9465654964,690133607,6.992,unclassified,4,0,11.3
1224032071,1224032071_9465654964_690133607,9465654964,690133607,6.992,unclassified,5,0,11.9
1224032071,1224032071_9465654964_690133607,9465654964,690133607,6.992,unclassified,6,0,11.6
1224032071,1224032071_9465654964_690133607,9465654964,690133607,6.992,unclassified,7,0,15.3
1224032071,1224032071_9465654964_690133607,9465654964,690133607,6.992,unclassified,8,0,14.7
1224032071,1224032071_9465654964_690133607,9465654964,690133607,6.992,unclassified,9,0,14.0
1224032071,1224032071_9465654964_690133607,9465654964,690133607,6.992,unclassified,10,0,11.4
1224032071,1224032071_9465654964_690133607,9465654964,690133607,6.992,unclassified,11,0,12.4
1224032071,1224032071_9465654964_690133607,9465654964,690133607,6.992,unclassified,12,0,12.4
1224032071,1224032071_9465654964_690133607,9465654964,690133607,6.992,unclassified,13,0,12.4
1224032071,1224032071_9465654964_690133607,9465654964,690133607,6.992,unclassified,14,0,11.5
1224032071,1224032071_9465654964_690133607,9465654964,690133607,6.992,unclassified,15,0,11.2
1224032071,1224032071_9465654964_690133607,9465654964,690133607,6.992,unclassified,16,0,12.2
1224032071,1224032071_9465654964_690133607,9465654964,690133607,6.992,unclassified,17,0,12.6
1224032071,1224032071_9465654964_690133607,9465654964,690133607,6.992,unclassified,18,0,13.3
1224032071,1224032071_9465654964_690133607,9465654964,690133607,6.992,unclassified,19,0,11.7
1224032071,1224032071_9465654964_690133607,9465654964,690133607,6.992,unclassified,20,0,11.2
1224032071,1224032071_9465654964_690133607,9465654964,690133607,6.992,unclassified,21,0,10.7
1224032071,1224032071_9465654964_690133607,9465654964,690133607,6.992,unclassified,22,0,10.7
1224032071,1224032071_9465654964_690133607,9465654964,690133607,6.992,unclassified,23,0,11.2
1224032071,1224032071_9465654964_690133607,9465654964,690133607,6.992,unclassified,0,1,11.7
1224032071,1224032071_9465654964_690133607,9465654964,690133607,6.992,unclassified,1,1,11.0
1224032071,1224032071_9465654964_690133607,9465654964,690133607,6.992,unclassified,2,1,10.8
1224032071,1224032071_9465654964_690133607,9465654964,690133607,6.992,unclassified,3,1,10.7
1224032071,1224032071_9465654964_690133607,9465654964,690133607,6.992,unclassified,4,1,11.1
1224032071,1224032071_9465654964_690133607,9465654964,690133607,6.992,unclassified,5,1,11.5
1224032071,1224032071_9465654964_690133607,9465654964,690133607,6.992,unclassified,6,1,11.6
1224032071,1224032071_9465654964_690133607,9465654964,690133607,6.992,unclassified,7,1,15.1
1224032071,1224032071_9465654964_690133607,9465654964,690133607,6.992,unclassified,8,1,14.7
1224032071,1224032071_9465654964_690133607,9465654964,690133607,6.992,unclassified,9,1,14.2
1224032071,1224032071_9465654964_690133607,9465654964,690133607,6.992,unclassified,10,1,11.5
1224032071,1224032071_9465654964_690133607,9465654964,690133607,6.992,unclassified,11,1,12.5
1224032071,1224032071_9465654964_690133607,9465654964,690133607,6.992,unclassified,12,1,12.7
1224032071,1224032071_9465654964_690133607,9465654964,690133607,6.992,unclassified,13,1,12.4
1224032071,1224032071_9465654964_690133607,9465654964,690133607,6.992,unclassified,14,1,11.7
1224032071,1224032071_9465654964_690133607,9465654964,690133607,6.992,unclassified,15,1,11.2
1224032071,1224032071_9465654964_690133607,9465654964,690133607,6.992,unclassified,16,1,12.4
1224032071,1224032071_9465654964_690133607,9465654964,690133607,6.992,unclassified,17,1,12.8
1224032071,1224032071_9465654964_690133607,9465654964,690133607,6.992,unclassified,18,1,13.1
1224032071,1224032071_9465654964_690133607,9465654964,690133607,6.992,unclassified,19,1,11.6
1224032071,1224032071_9465654964_690133607,9465654964,690133607,6.992,unclassified,20,1,11.1
1224032071,1224032071_9465654964_690133607,9465654964,690133607,6.992,unclassified,21,1,10.6
1224032071,1224032071_9465654964_690133607,9465654964,690133607,6.992,unclassified,22,1,10.8
1224032071,1224032071_9465654964_690133607,9465654964,690133607,6.992,unclassified,23,1,11.4
1224032071,1224032071_9465654964_690133607,9465654964,690133607,6.992,unclassified,0,2,11.3
1224032071,1224032071_9465654964_690133607,9465654964,690133607,6.992,unclassified,1,2,11.4
1224032071,1224032071_9465654964_690133607,9465654964,690133607,6.992,unclassified,2,2,10.7
1224032071,1224032071_9465654964_690133607,9465654964,690133607,6.992,unclassified,3,2,10.8
1224032071,1224032071_9465654964_690133607,9465654964,690133607,6.992,unclassified,4,2,11.2
1224032071,1224032071_9465654964_690133607,9465654964,690133607,6.992,unclassified,5,2,11.4
1224032071,1224032071_9465654964_690133607,9465654964,690133607,6.992,unclassified,6,2,11.7
1224032071,1224032071_9465654964_690133607,9465654964,690133607,6.992,unclassified,7,2,15.2
1224032071,1224032071_9465654964_690133607,9465654964,690133607,6.992,unclassified,8,2,14.4
1224032071,1224032071_9465654964_690133607,9465654964,690133607,6.992,unclassified,9,2,14.2
1224032071,1224032071_9465654964_690133607,9465654964,690133607,6.992,unclassified,10,2,11.1
1224032071,1224032071_9465654964_690133607,9465654964,690133607,6.992,unclassified,11,2,12.4
1224032071,1224032071_9465654964_690133607,9465654964,690133607,6.992,unclassified,12,2,12.8
1224032071,1224032071_9465654964_690133607,9465654964,690133607,6.992,unclassified,13,2,12.6
1224032071,1224032071_9465654964_690133607,9465654964,690133607,6.992,unclassified,14,2,11.5
1224032071,1224032071_9465654964_690133607,9465654964,690133607,6.992,unclassified,15,2,11.4
1224032071,1224032071_9465654964_690133607,9465654964,690133607,6.992,unclassified,16,2,12.2
1224032071,1224032071_9465654964_690133607,9465654964,690133607,6.992,unclassified,17,2,12.7
1224032071,1224032071_9465654964_690133607,9465654964,690133607,6.992,unclassified,18,2,12.9
1224032071,1224032071_9465654964_690133607,9465654964,690133607,6.992,unclassified,19,2,11.7
1224032071,1224032071_9465654964_690133607,9465654964,690133607,6.992,unclassified,20,2,11.4
1224032071,1224032071_9465654964_690133607,9465654964,690133607,6.992,unclassified,21,2,10.8
1224032071,1224032071_9465654964_690133607,9465654964,690133607,6.992,unclassified,22,2,10.7
1224032071,1224032071_9465654964_690133607,9465654964,690133607,6.992,unclassified,23,2,11.1
1224032071,1224032071_9465654964_690133607,9465654964,690133607,6.992,unclassified,0,3,11.7
1224032071,1224032071_9465654964_690133607,9465654964,690133607,6.992,unclassified,1,3,11.4
1224032071,1224032071_9465654964_690133607,9465654964,690133607,6.992,unclassified,2,3,11.0
1224032071,1224032071_9465654964_690133607,9465654964,690133607,6.992,unclassified,3,3,10.9
1224032071,1224032071_9465654964_690133607,9465654964,690133607,6.992,unclassified,4,3,11.1
1224032071,1224032071_9465654964_690133607,9465654964,690133607,6.992,unclassified,5,3,11.5
1224032071,1224032071_9465654964_690133607,9465654964,690133607,6.992,unclassified,6,3,12.0
1224032071,1224032071_9465654964_690133607,9465654964,690133607,6.992,unclassified,7,3,14.9
1224032071,1224032071_9465654964_690133607,9465654964,690133607,6.992,unclassified,8,3,14.6
1224032071,1224032071_9465654964_690133607,9465654964,690133607,6.992,unclassified,9,3,14.1
1224032071,1224032071_9465654964_690133607,9465654964,690133607,6.992,unclassified,10,3,11.5
1224032071,1224032071_9465654964_690133607,9465654964,690133607,6.992,unclassified,11,3,12.4
1224032071,1224032071_9465654964_690133607,9465654964,690133607,6.992,unclassified,12,3,12.6
1224032071,1224032071_9465654964_690133607,9465654964,690133607,6.992,unclassified,13,3,12.2
1224032071,1224032071_9465654964_690133607,9465654964,690133607,6.992,unclassified,14,3,11.5
1224032071,1224032071_9465654964_690133607,9465654964,690133607,6.992,unclassified,15,3,10.9
1224032071,1224032071_9465654964_690133607,9465654964,690133607,6.992,unclassified,16,3,12.1
1224032071,1224032071_9465654964_690133607,9465654964,690133607,6.992,unclassified,17,3,12.7
1224032071,1224032071_9465654964_690133607,9465654964,690133607,6.992,unclassified,18,3,13.2
1224032071,1224032071_9465654964_690133607,9465654964,690133607,6.992,unclassified,19,3,11.6
1224032071,1224032071_9465654964_690133607,9465654964,690133607,6.992,unclassified,20,3,11.1
1224032071,1224032071_9465654964_690133607,9465654964,690133607,6.992,unclassified,21,3,10.7
1224032071,1224032071_9465654964_690133607,9465654964,690133607,6.992,unclassified,22,3,10.8
1224032071,1224032071_9465654964_690133607,9465654964,690133607,6.992,unclassified,23,3,11.1
1224032071,1224032071_9465654964_690133607,9465654964,690133607,6.992,unclassified,0,4,11.8
1224032071,1224032071_9465654964_690133607,9465654964,690133607,6.992,unclassified,1,4,11.3
1224032071,1224032071_9465654964_690133607,9465654964,690133607,6.992,unclassified,2,4,11.1
1224032071,1224032071_9465654964_690133607,9465654964,690133607,6.992,unclassified,3,4,11.0
1224032071,1224032071_9465654964_690133607,9465654964,690133607,6.992,unclassified,4,4,11.3
1224032071,1224032071_9465654964_690133607,9465654964,690133607,6.992,unclassified,5,4,11.5
1224032071,1224032071_9465654964_690133607,9465654964,690133607,6.992,unclassified,6,4,11.9
1224032071,1224032071_9465654964_690133607,9465654964,690133607,6.992,unclassified,7,4,15.1
1224032071,1224032071_9465654964_690133607,9465654964,690133607,6.992,unclassified,8,4,14.8
1224032071,1224032071_9465654964_690133607,9465654964,690133607,6.992,unclassified,9,4,13.8
1224032071,1224032071_9465654964_690133607,9465654964,690133607,6.992,unclassified,10,4,11.1
1224032071,1224032071_9465654964_690133607,9465654964,690133607,6.992,unclassified,11,4,12.9
1224032071,1224032071_9465654964_690133607,9465654964,690133607,6.992,unclassified,12,4,12.8
1224032071,1224032071_9465654964_690133607,9465654964,690133607,6.992,unclassified,13,4,12.3
1224032071,1224032071_9465654964_690133607,9465654964,690133607,6.992,unclassified,14,4,11.4
1224032071,1224032071_9465654964_690133607,9465654964,690133607,6.992,unclassified,15,4,11.3
1224032071,1224032071_9465654964_690133607,9465654964,690133607,6.992,unclassified,16,4,12.5
1224032071,1224032071_9465654964_690133607,9465654964,690133607,6.992,unclassified,17,4,12.8
1224032071,1224032071_9465654964_690133607,9465654964,690133607,6.992,unclassified,18,4,13.3
1224032071,1224032071_9465654964_690133607,9465654964,690133607,6.992,unclassified,19,4,11.9
1224032071,1224032071_9465654964_690133607,9465654964,690133607,6.992,unclassified,20,4,11.0
1224032071,1224032071_9465654964_690133607,9465654964,690133607,6.992,unclassified,21,4,10.6
1224032071,1224032071_9465654964_690133607,9465654964,690133607,6.992,unclassified,22,4,10.6
1224032071,1224032071_9465654964_690133607,9465654964,690133607,6.992,unclassified,23,4,11.0
1224032071,1224032071_9465654964_690133607,9465654964,690133607,6.992,unclassified,0,5,11.6
1224032071,1224032071_9465654964_690133607,9465654964,690133607,6.992,unclassified,1,5,11.4
1224032071,1224032071_9465654964_690133607,9465654964,690133607,6.992,unclassified,2,5,11.0
1224032071,1224032071_9465654964_690133607,9465654964,690133607,6.992,unclassified,3,5,10.6
1224032071,1224032071_9465654964_690133607,9465654964,690133607,6.992,unclassified,4,5,11.2
1224032071,1224032071_9465654964_690133607,9465654964,690133607,6.992,unclassified,5,5,11.3
1224032071,1224032071_9465654964_690133607,9465654964,690133607,6.992,unclassified,6,5,11.5
1224032071,1224032071_9465654964_690133607,9465654964,690133607,6.992,unclassified,7,5,14.9
1224032071,1224032071_9465654964_690133607,9465654964,690133607,6.992,unclassified,8,5,14.7
1224032071,1224032071_9465654964_690133607,9465654964,690133607,6.992,unclassified,9,5,14.1
1224032071,1224032071_9465654964_690133607,9465654964,690133607,6.992,unclassified,10,5,11.0
1224032071,1224032071_9465654964_690133607,9465654964,690133607,6.992,unclassified,11,5,12.7
1224032071,1224032071_9465654964_690133607,9465654964,690133607,6.992,unclassified,12,5,12.5
1224032071,1224032071_9465654964_690133607,9465654964,690133607,6.992,unclassified,13,5,12.1
1224032071,1224032071_9465654964_690133607,9465654964,690133607,6.992,unclassified,14,5,11.2
1224032071,1224032071_9465654964_690133607,9465654964,690133607,6.992,unclassified,15,5,10.9
1224032071,1224032071_9465654964_690133607,9465654964,690133607,6.992,unclassified,16,5,12.4
1224032071,1224032071_9465654964_690133607,9465654964,690133607,6.992,unclassified,17,5,12.9
1224032071,1224032071_9465654964_690133607,9465654964,690133607,6.992,unclassified,18,5,12.9
1224032071,1224032071_9465654964_690133607,9465654964,690133607,6.992,unclassified,19,5,11.5
1224032071,1224032071_9465654964_690133607,9465654964,690133607,6.992,unclassified,20,5,11.4
1224032071,1224032071_9465654964_690133607,9465654964,690133607,6.992,unclassified,21,5,10.6
1224032071,1224032071_9465654964_690133607,9465654964,690133607,6.992,unclassified,22,5,10.9
1224032071,1224032071_9465654964_690133607,9465654964,690133607,6.992,unclassified,23,5,11.1
1224032071,1224032071_9465654964_690133607,9465654964,690133607,6.992,unclassified,0,6,11.4
1224032071,1224032071_9465654964_690133607,9465654964,690133607,6.992,unclassified,1,6,10.9
1224032071,1224032071_9465654964_690133607,9465654964,690133607,6.992,unclassified,2,6,10.7
1224032071,1224032071_9465654964_690133607,9465654964,690133607,6.992,unclassified,3,6,11.0
1224032071,1224032071_9465654964_690133607,9465654964,690133607,6.992,unclassified,4,6,11.2
1224032071,1224032071_9465654964_690133607,9465654964,690133607,6.992,unclassified,5,6,11.8
1224032071,1224032071_9465654964_690133607,9465654964,690133607,6.992,unclassified,6,6,12.0
1224032071,1224032071_9465654964_690133607,9465654964,690133607,6.992,unclassified,7,6,15.3
1224032071,1224032071_9465654964_690133607,9465654964,690133607,6.992,unclassified,8,6,14.6
1224032071,1224032071_9465654964_690133607,9465654964,690133607,6.992,unclassified,9,6,14.1
1224032071,1224032071_9465654964_690133607,9465654964,690133607,6.992,unclassified,10,6,11.2
1224032071,1224032071_9465654964_690133607,9465654964,690133607,6.992,unclassified,11,6,12.3
1224032071,1224032071_9465654964_690133607,9465654964,690133607,6.992,unclassified,12,6,12.7
1224032071,1224032071_9465654964_690133607,9465654964,690133607,6.992,unclassified,13,6,12.1
1224032071,1224032071_9465654964_690133607,9465654964,690133607,6.992,unclassified,14,6,11.5
1224032071,1224032071_9465654964_690133607,9465654964,690133607,6.992,unclassified,15,6,10.8
1224032071,1224032071_9465654964_690133607,9465654964,690133607,6.992,unclassified,16,6,12.2
1224032071,1224032071_9465654964_690133607,9465654964,690133607,6.992,unclassified,17,6,12.9
1224032071,1224032071_9465654964_690133607,9465654964,690133607,6.992,unclassified,18,6,13.2
1224032071,1224032071_9465654964_690133607,9465654964,690133607,6.992,unclassified,19,6,11.3
1224032071,1224032071_9465654964_690133607,9465654964,690133607,6.992,unclassified,20,6,11.2
1224032071,1224032071_9465654964_690133607,9465654964,690133607,6.992,unclassified,21,6,10.6
1224032071,1224032071_9465654964_690133607,9465654964,690133607,6.992,unclassified,22,6,10.6
1224032071,1224032071_9465654964_690133607,9465654964,690133607,6.992,unclassified,23,6,10.9
54819491,54819491_9462243478_2001014924,9462243478,2001014924,7.32,unclassified,0,0,11.7
54819491,54819491_9462243478_2001014924,9462243478,2001014924,7.32,unclassified,1,0,11.1
54819491,54819491_9462243478_2001014924,9462243478,2001014924,7.32,unclassified,2,0,11.7
54819491,54819491_9462243478_2001014924,9462243478,2001014924,7.32,unclassified,3,0,11.9
54819491,54819491_9462243478_2001014924,9462243478,2001014924,7.32,unclassified,4,0,12.3
54819491,54819491_9462243478_2001014924,9462243478,2001014924,7.32,unclassified,5,0,12.6
54819491,54819491_9462243478_2001014924,9462243478,2001014924,7.32,unclassified,6,0,11.9
54819491,54819491_9462243478_2001014924,9462243478,2001014924,7.32,unclassified,7,0,14.7
54819491,54819491_9462243478_2001014924,9462243478,2001014924,7.32,unclassified,8,0,14.6
54819491,54819491_9462243478_2001014924,9462243478,2001014924,7.32,unclassified,9,0,14.2
54819491,54819491_9462243478_2001014924,9462243478,2001014924,7.32,unclassified,10,0,12.2
54819491,54819491_9462243478_2001014924,9462243478,2001014924,7.32,unclassified,11,0,12.9
54819491,54819491_9462243478_2001014924,9462243478,2001014924,7.32,unclassified,12,0,12.9
54819491,54819491_9462243478_2001014924,9462243478,2001014924,7.32,unclassified,13,0,12.6
54819491,54819491_9462243478_2001014924,9462243478,2001014924,7.32,unclassified,14,0,11.6
54819491,54819491_9462243478_2001014924,9462243478,2001014924,7.32,unclassified,15,0,11.8
54819491,54819491_9462243478_2001014924,9462243478,2001014924,7.32,unclassified,16,0,13.3
54819491,54819491_9462243478_2001014924,9462243478,2001014924,7.32,unclassified,17,0,14.0
54819491,54819491_9462243478_2001014924,9462243478,2001014924,7.32,unclassified,18,0,14.1
54819491,54819491_9462243478_2001014924,9462243478,2001014924,7.32,unclassified,19,0,11.6
54819491,54819491_9462243478_2001014924,9462243478,2001014924,7.32,unclassified,20,0,11.2
54819491,54819491_9462243478_2001014924,9462243478,2001014924,7.32,unclassified,21,0,11.3
54819491,54819491_9462243478_2001014924,9462243478,2001014924,7.32,unclassified,22,0,11.6
54819491,54819491_9462243478_2001014924,9462243478,2001014924,7.32,unclassified,23,0,11.8
54819491,54819491_9462243478_2001014924,9462243478,2001014924,7.32,unclassified,0,1,11.5
54819491,54819491_9462243478_2001014924,9462243478,2001014924,7.32,unclassified,1,1,11.6
54819491,54819491_9462243478_2001014924,9462243478,2001014924,7.32,unclassified,2,1,11.3
54819491,54819491_9462243478_2001014924,9462243478,2001014924,7.32,unclassified,3,1,12.0
54819491,54819491_9462243478_2001014924,9462243478,2001014924,7.32,unclassified,4,1,12.5
54819491,54819491_9462243478_2001014924,9462243478,2001014924,7.32,unclassified,5,1,12.4
54819491,54819491_9462243478_2001014924,9462243478,2001014924,7.32,unclassified,6,1,12.0
54819491,54819491_9462243478_2001014924,9462243478,2001014924,7.32,unclassified,7,1,14.8
54819491,54819491_9462243478_2001014924,9462243478,2001014924,7.32,unclassified,8,1,14.5
54819491,54819491_9462243478_2001014924,9462243478,2001014924,7.32,unclassified,9,1,14.4
54819491,54819491_9462243478_2001014924,9462243478,2001014924,7.32,unclassified,10,1,12.3
54819491,54819491_9462243478_2001014924,9462243478,2001014924,7.32,unclassified,11,1,13.2
54819491,54819491_9462243478_2001014924,9462243478,2001014924,7.32,unclassified,12,1,12.6
54819491,54819491_9462243478_2001014924,9462243478,2001014924,7.32,unclassified,13,1,12.5
54819491,54819491_9462243478_2001014924,9462243478,2001014924,7.32,unclassified,14,1,11.5
54819491,54819491_9462243478_2001014924,9462243478,2001014924,7.32,unclassified,15,1,12.0
54819491,54819491_9462243478_2001014924,9462243478,2001014924,7.32,unclassified,16,1,13.7
54819491,54819491_9462243478_2001014924,9462243478,2001014924,7.32,unclassified,17,1,14.2
54819491,54819491_9462243478_2001014924,9462243478,2001014924,7.32,unclassified,18,1,14.2
54819491,54819491_9462243478_2001014924,9462243478,2001014924,7.32,unclassified,19,1,11.5
54819491,54819491_9462243478_2001014924,9462243478,2001014924,7.32,unclassified,20,1,11.2
54819491,54819491_9462243478_2001014924,9462243478,2001014924,7.32,unclassified,21,1,11.3
54819491,54819491_9462243478_2001014924,9462243478,2001014924,7.32,unclassified,22,1,11.7
54819491,54819491_9462243478_2001014924,9462243478,2001014924,7.32,unclassified,23,1,12.0
54819491,54819491_9462243478_2001014924,9462243478,2001014924,7.32,unclassified,0,2,11.9
54819491,54819491_9462243478_2001014924,9462243478,2001014924,7.32,unclassified,1,2,11.4
54819491,54819491_9462243478_2001014924,9462243478,2001014924,7.32,unclassified,2,2,11.5
54819491,54819491_9462243478_2001014924,9462243478,2001014924,7.32,unclassified,3,2,11.8
54819491,54819491_9462243478_2001014924,9462243478,2001014924,7.32,unclassified,4,2,12.5
54819491,54819491_9462243478_2001014924,9462243478,2001014924,7.32,unclassified,5,2,12.6
54819491,54819491_9462243478_2001014924,9462243478,2001014924,7.32,unclassified,6,2,12.2
54819491,54819491_9462243478_2001014924,9462243478,2001014924,7.32,unclassified,7,2,15.0
54819491,54819491_9462243478_2001014924,9462243478,2001014924,7.32,unclassified,8,2,14.5
54819491,54819491_9462243478_2001014924,9462243478,2001014924,7.32,unclassified,9,2,14.5
54819491,54819491_9462243478_2001014924,9462243478,2001014924,7.32,unclassified,10,2,12.7
54819491,54819491_9462243478_2001014924,9462243478,2001014924,7.32,unclassified,11,2,12.9
54819491,54819491_9462243478_2001014924,9462243478,2001014924,7.32,unclassified,12,2,12.9
54819491,54819491_9462243478_2001014924,9462243478,2001014924,7.32,unclassified,13,2,12.7
54819491,54819491_9462243478_2001014924,9462243478,2001014924,7.32,unclassified,14,2,11.7
54819491,54819491_9462243478_2001014924,9462243478,2001014924,7.32,unclassified,15,2,11.9
54819491,54819491_9462243478_2001014924,9462243478,2001014924,7.32,unclassified,16,2,13.3
54819491,54819491_9462243478_2001014924,9462243478,2001014924,7.32,unclassified,17,2,14.2
54819491,54819491_9462243478_2001014924,9462243478,2001014924,7.32,unclassified,18,2,14.3
54819491,54819491_9462243478_2001014924,9462243478,2001014924,7.32,unclassified,19,2,11.7
54819491,54819491_9462243478_2001014924,9462243478,2001014924,7.32,unclassified,20,2,11.0
54819491,54819491_9462243478_2001014924,9462243478,2001014924,7.32,unclassified,21,2,11.5
54819491,54819491_9462243478_2001014924,9462243478,2001014924,7.32,unclassified,22,2,11.9
54819491,54819491_9462243478_2001014924,9462243478,2001014924,7.32,unclassified,23,2,11.9
54819491,54819491_9462243478_2001014924,9462243478,2001014924,7.32,unclassified,0,3,11.7
54819491,54819491_9462243478_2001014924,9462243478,2001014924,7.32,unclassified,1,3,11.2
54819491,54819491_9462243478_2001014924,9462243478,2001014924,7.32,unclassified,2,3,11.6
54819491,54819491_9462243478_2001014924,9462243478,2001014924,7.32,unclassified,3,3,11.8
54819491,54819491_9462243478_2001014924,9462243478,2001014924,7.32,unclassified,4,3,12.2
54819491,54819491_9462243478_2001014924,9462243478,2001014924,7.32,unclassified,5,3,12.2
54819491,54819491_9462243478_2001014924,9462243478,2001014924,7.32,unclassified,6,3,12.2
54819491,54819491_9462243478_2001014924,9462243478,2001014924,7.32,unclassified,7,3,14.8
54819491,54819491_9462243478_2001014924,9462243478,2001014924,7.32,unclassified,8,3,14.4
54819491,54819491_9462243478_2001014924,9462243478,2001014924,7.32,unclassified,9,3,14.2
54819491,54819491_9462243478_2001014924,9462243478,2001014924,7.32,unclassified,10,3,12.2
54819491,54819491_9462243478_2001014924,9462243478,2001014924,7.32,unclassified,11,3,13.0
54819491,54819491_9462243478_2001014924,9462243478,2001014924,7.32,unclassified,12,3,12.8
54819491,54819491_9462243478_2001014924,9462243478,2001014924,7.32,unclassified,13,3,12.7
54819491,54819491_9462243478_2001014924,9462243478,2001014924,7.32,unclassified,14,3,11.3
54819491,54819491_9462243478_2001014924,9462243478,2001014924,7.32,unclassified,15,3,11.7
54819491,54819491_9462243478_2001014924,9462243478,2001014924,7.32,unclassified,16,3,13.5
54819491,54819491_9462243478_2001014924,9462243478,2001014924,7.32,unclassified,17,3,13.9
54819491,54819491_9462243478_2001014924,9462243478,2001014924,7.32,unclassified,18,3,14.2
54819491,54819491_9462243478_2001014924,9462243478,2001014924,7.32,unclassified,19,3,11.6
54819491,54819491_9462243478_2001014924,9462243478,2001014924,7.32,unclassified,20,3,11.4
54819491,54819491_9462243478_2001014924,9462243478,2001014924,7.32,unclassified,21,3,11.3
54819491,54819491_9462243478_2001014924,9462243478,2001014924,7.32,unclassified,22,3,12.0
54819491,54819491_9462243478_2001014924,9462243478,2001014924,7.32,unclassified,23,3,12.0
54819491,54819491_9462243478_2001014924,9462243478,2001014924,7.32,unclassified,0,4,11.8
54819491,54819491_9462243478_2001014924,9462243478,2001014924,7.32,unclassified,1,4,11.3
54819491,54819491_9462243478_2001014924,9462243478,2001014924,7.32,unclassified,2,4,11.7
54819491,54819491_9462243478_2001014924,9462243478,2001014924,7.32,unclassified,3,4,12.0
54819491,54819491_9462243478_2001014924,9462243478,2001014924,7.32,unclassified,4,4,12.5
54819491,54819491_9462243478_2001014924,9462243478,2001014924,7.32,unclassified,5,4,12.2
54819491,54819491_9462243478_2001014924,9462243478,2001014924,7.32,unclassified,6,4,12.3
54819491,54819491_9462243478_2001014924,9462243478,2001014924,7.32,unclassified,7,4,15.3
54819491,54819491_9462243478_2001014924,9462243478,2001014924,7.32,unclassified,8,4,14.7
54819491,54819491_9462243478_2001014924,9462243478,2001014924,7.32,unclassified,9,4,14.5
54819491,54819491_9462243478_2001014924,9462243478,2001014924,7.32,unclassified,10,4,12.3
54819491,54819491_9462243478_2001014924,9462243478,2001014924,7.32,unclassified,11,4,13.4
54819491,54819491_9462243478_2001014924,9462243478,2001014924,7.32,unclassified,12,4,12.7
54819491,54819491_9462243478_2001014924,9462243478,2001014924,7.32,unclassified,13,4,12.5
54819491,54819491_9462243478_2001014924,9462243478,2001014924,7.32,unclassified,14,4,11.6
54819491,54819491_9462243478_2001014924,9462243478,2001014924,7.32,unclassified,15,4,11.5
54819491,54819491_9462243478_2001014924,9462243478,2001014924,7.32,unclassified,16,4,13.6
54819491,54819491_9462243478_2001014924,9462243478,2001014924,7.32,unclassified,17,4,14.2
54819491,54819491_9462243478_2001014924,9462243478,2001014924,7.32,unclassified,18,4,14.3
54819491,54819491_9462243478_2001014924,9462243478,2001014924,7.32,unclassified,19,4,11.7
54819491,54819491_9462243478_2001014924,9462243478,2001014924,7.32,unclassified,20,4,11.3
54819491,54819491_9462243478_2001014924,9462243478,2001014924,7.32,unclassified,21,4,11.4
54819491,54819491_9462243478_2001014924,9462243478,2001014924,7.32,unclassified,22,4,11.7
54819491,54819491_9462243478_2001014924,9462243478,2001014924,7.32,unclassified,23,4,12.0
54819491,54819491_9462243478_2001014924,9462243478,2001014924,7.32,unclassified,0,5,11.5
54819491,54819491_9462243478_2001014924,9462243478,2001014924,7.32,unclassified,1,5,11.2
54819491,54819491_9462243478_2001014924,9462243478,2001014924,7.32,unclassified,2,5,11.1
54819491,54819491_9462243478_2001014924,9462243478,2001014924,7.32,unclassified,3,5,11.6
54819491,54819491_9462243478_2001014924,9462243478,2001014924,7.32,unclassified,4,5,12.5
54819491,54819491_9462243478_2001014924,9462243478,2001014924,7.32,unclassified,5,5,12.4
54819491,54819491_9462243478_2001014924,9462243478,2001014924,7.32,unclassified,6,5,12.3
54819491,54819491_9462243478_2001014924,9462243478,2001014924,7.32,unclassified,7,5,15.0
54819491,54819491_9462243478_2001014924,9462243478,2001014924,7.32,unclassified,8,5,14.3
54819491,54819491_9462243478_2001014924,9462243478,2001014924,7.32,unclassified,9,5,14.1
54819491,54819491_9462243478_2001014924,9462243478,2001014924,7.32,unclassified,10,5,12.5
54819491,54819491_9462243478_2001014924,9462243478,2001014924,7.32,unclassified,11,5,13.0
54819491,54819491_9462243478_2001014924,9462243478,2001014924,7.32,unclassified,12,5,12.7
54819491,54819491_9462243478_2001014924,9462243478,2001014924,7.32,unclassified,13,5,12.2
54819491,54819491_9462243478_2001014924,9462243478,2001014924,7.32,unclassified,14,5,11.2
54819491,54819491_9462243478_2001014924,9462243478,2001014924,7.32,unclassified,15,5,11.8
54819491,54819491_9462243478_2001014924,9462243478,2001014924,7.32,unclassified,16,5,13.2
54819491,54819491_9462243478_2001014924,9462243478,2001014924,7.32,unclassified,17,5,14.1
54819491,54819491_9462243478_2001014924,9462243478,2001014924,7.32,unclassified,18,5,13.9
54819491,54819491_9462243478_2001014924,9462243478,2001014924,7.32,unclassified,19,5,11.6
54819491,54819491_9462243478_2001014924,9462243478,2001014924,7.32,unclassified,20,5,11.3
54819491,54819491_9462243478_2001014924,9462243478,2001014924,7.32,unclassified,21,5,11.2
54819491,54819491_9462243478_2001014924,9462243478,2001014924,7.32,unclassified,22,5,11.5
54819491,54819491_9462243478_2001014924,9462243478,2001014924,7.32,unclassified,23,5,12.1
54819491,54819491_9462243478_2001014924,9462243478,2001014924,7.32,unclassified,0,6,11.7
54819491,54819491_9462243478_2001014924,9462243478,2001014924,7.32,unclassified,1,6,11.3
54819491,54819491_9462243478_2001014924,9462243478,2001014924,7.32,unclassified,2,6,11.5
54819491,54819491_9462243478_2001014924,9462243478,2001014924,7.32,unclassified,3,6,11.6
54819491,54819491_9462243478_2001014924,9462243478,2001014924,7.32,unclassified,4,6,12.0
54819491,54819491_9462243478_2001014924,9462243478,2001014924,7.32,unclassified,5,6,12.2
54819491,54819491_9462243478_2001014924,9462243478,2001014924,7.32,unclassified,6,6,11.9
54819491,54819491_9462243478_2001014924,9462243478,2001014924,7.32,unclassified,7,6,14.7
54819491,54819491_9462243478_2001014924,9462243478,2001014924,7.32,unclassified,8,6,14.5
54819491,54819491_9462243478_2001014924,9462243478,2001014924,7.32,unclassified,9,6,14.0
54819491,54819491_9462243478_2001014924,9462243478,2001014924,7.32,unclassified,10,6,12.5
54819491,54819491_9462243478_2001014924,9462243478,2001014924,7.32,unclassified,11,6,13.3
54819491,54819491_9462243478_2001014924,9462243478,2001014924,7.32,unclassified,12,6,12.7
54819491,54819491_9462243478_2001014924,9462243478,2001014924,7.32,unclassified,13,6,12.7
54819491,54819491_9462243478_2001014924,9462243478,2001014924,7.32,unclassified,14,6,11.7
54819491,54819491_9462243478_2001014924,9462243478,2001014924,7.32,unclassified,15,6,11.8
54819491,54819491_9462243478_2001014924,9462243478,2001014924,7.32,unclassified,16,6,13.7
54819491,54819491_9462243478_2001014924,9462243478,2001014924,7.32,unclassified,17,6,14.1
54819491,54819491_9462243478_2001014924,9462243478,2001014924,7.32,unclassified,18,6,14.3
54819491,54819491_9462243478_2001014924,9462243478,2001014924,7.32,unclassified,19,6,11.7
54819491,54819491_9462243478_2001014924,9462243478,2001014924,7.32,unclassified,20,6,11.1
54819491,54819491_9462243478_2001014924,9462243478,2001014924,7.32,unclassified,21,6,11.0
54819491,54819491_9462243478_2001014924,9462243478,2001014924,7.32,unclassified,22,6,11.5
54819491,54819491_9462243478_2001014924,9462243478,2001014924,7.32,unclassified,23,6,12.1
382809373,382809373_3860229523_9457761081,3860229523,9457761081,17.24,residential,0,0,27.2
382809373,382809373_3860229523_9457761081,3860229523,9457761081,17.24,residential,1,0,28.0
382809373,382809373_3860229523_9457761081,3860229523,9457761081,17.24,residential,2,0,28.0
382809373,382809373_3860229523_9457761081,3860229523,9457761081,17.24,residential,3,0,29.9
382809373,382809373_3860229523_9457761081,3860229523,9457761081,17.24,residential,4,0,29.1
382809373,382809373_3860229523_9457761081,3860229523,9457761081,17.24,residential,5,0,28.9
382809373,382809373_3860229523_9457761081,3860229523,9457761081,17.24,residential,6,0,27.5
382809373,382809373_3860229523_9457761081,3860229523,9457761081,17.24,residential,7,0,33.0
382809373,382809373_3860229523_9457761081,3860229523,9457761081,17.24,residential,8,0,33.6
382809373,382809373_3860229523_9457761081,3860229523,9457761081,17.24,residential,9,0,32.7
382809373,382809373_3860229523_9457761081,3860229523,9457761081,17.24,residential,10,0,29.2
382809373,382809373_3860229523_9457761081,3860229523,9457761081,17.24,residential,11,0,30.5
382809373,382809373_3860229523_9457761081,3860229523,9457761081,17.24,residential,12,0,29.5
382809373,382809373_3860229523_9457761081,3860229523,9457761081,17.24,residential,13,0,30.4
382809373,382809373_3860229523_9457761081,3860229523,9457761081,17.24,residential,14,0,28.0
382809373,382809373_3860229523_9457761081,3860229523,9457761081,17.24,residential,15,0,27.7
382809373,382809373_3860229523_9457761081,3860229523,9457761081,17.24,residential,16,0,33.3
382809373,382809373_3860229523_9457761081,3860229523,9457761081,17.24,residential,17,0,33.7
382809373,382809373_3860229523_9457761081,3860229523,9457761081,17.24,residential,18,0,33.9
382809373,382809373_3860229523_9457761081,3860229523,9457761081,17.24,residential,19,0,26.4
382809373,382809373_3860229523_9457761081,3860229523,9457761081,17.24,residential,20,0,27.3
382809373,382809373_3860229523_9457761081,3860229523,9457761081,17.24,residential,21,0,28.0
382809373,382809373_3860229523_9457761081,3860229523,9457761081,17.24,residential,22,0,29.1
382809373,382809373_3860229523_9457761081,3860229523,9457761081,17.24,residential,23,0,29.1
382809373,382809373_3860229523_9457761081,3860229523,9457761081,17.24,residential,0,1,26.5
382809373,382809373_3860229523_9457761081,3860229523,9457761081,17.24,residential,1,1,28.0
382809373,382809373_3860229523_9457761081,3860229523,9457761081,17.24,residential,2,1,28.9
382809373,382809373_3860229523_9457761081,3860229523,9457761081,17.24,residential,3,1,29.6
382809373,382809373_3860229523_9457761081,3860229523,9457761081,17.24,residential,4,1,29.1
382809373,382809373_3860229523_9457761081,3860229523,9457761081,17.24,residential,5,1,28.1
382809373,382809373_3860229523_9457761081,3860229523,9457761081,17.24,residential,6,1,27.9
382809373,382809373_3860229523_9457761081,3860229523,9457761081,17.24,residential,7,1,33.6
382809373,382809373_3860229523_9457761081,3860229523,9457761081,17.24,residential,8,1,33.3
382809373,382809373_3860229523_9457761081,3860229523,9457761081,17.24,residential,9,1,33.1
382809373,382809373_3860229523_9457761081,3860229523,9457761081,17.24,residential,10,1,28.9
382809373,382809373_3860229523_9457761081,3860229523,9457761081,17.24,residential,11,1,30.9
382809373,382809373_3860229523_9457761081,3860229523,9457761081,17.24,residential,12,1,29.6
382809373,382809373_3860229523_9457761081,3860229523,9457761081,17.24,residential,13,1,30.1
382809373,382809373_3860229523_9457761081,3860229523,9457761081,17.24,residential,14,1,27.5
382809373,382809373_3860229523_9457761081,3860229523,9457761081,17.24,residential,15,1,27.9
382809373,382809373_3860229523_9457761081,3860229523,9457761081,17.24,residential,16,1,33.9
382809373,382809373_3860229523_9457761081,3860229523,9457761081,17.24,residential,17,1,34.3
382809373,382809373_3860229523_9457761081,3860229523,9457761081,17.24,residential,18,1,34.1
382809373,382809373_3860229523_9457761081,3860229523,9457761081,17.24,residential,19,1,26.8
382809373,382809373_3860229523_9457761081,3860229523,9457761081,17.24,residential,20,1,26.6
382809373,382809373_3860229523_9457761081,3860229523,9457761081,17.24,residential,21,1,27.4
382809373,382809373_3860229523_9457761081,3860229523,9457761081,17.24,residential,22,1,28.8
382809373,382809373_3860229523_9457761081,3860229523,9457761081,17.24,residential,23,1,29.1
382809373,382809373_3860229523_9457761081,3860229523,9457761081,17.24,residential,0,2,27.5
382809373,382809373_3860229523_9457761081,3860229523,9457761081,17.24,residential,1,2,26.8
382809373,382809373_3860229523_9457761081,3860229523,9457761081,17.24,residential,2,2,28.7
382809373,382809373_3860229523_9457761081,3860229523,9457761081,17.24,residential,3,2,29.6
382809373,382809373_3860229523_9457761081,3860229523,9457761081,17.24,residential,4,2,28.9
382809373,382809373_3860229523_9457761081,3860229523,9457761081,17.24,residential,5,2,28.5
382809373,382809373_3860229523_9457761081,3860229523,9457761081,17.24,residential,6,2,28.1
382809373,382809373_3860229523_9457761081,3860229523,9457761081,17.24,residential,7,2,33.0
382809373,382809373_3860229523_9457761081,3860229523,9457761081,17.24,residential,8,2,32.8
382809373,382809373_3860229523_9457761081,3860229523,9457761081,17.24,residential,9,2,33.3
382809373,382809373_3860229523_9457761081,3860229523,9457761081,17.24,residential,10,2,29.5
382809373,382809373_3860229523_9457761081,3860229523,9457761081,17.24,residential,11,2,30.7
382809373,382809373_3860229523_9457761081,3860229523,9457761081,17.24,residential,12,2,29.3
382809373,382809373_3860229523_9457761081,3860229523,9457761081,17.24,residential,13,2,29.9
382809373,382809373_3860229523_9457761081,3860229523,9457761081,17.24,residential,14,2,27.7
382809373,382809373_3860229523_9457761081,3860229523,9457761081,17.24,residential,15,2,28.8
382809373,382809373_3860229523_9457761081,3860229523,9457761081,17.24,residential,16,2,34.1
382809373,382809373_3860229523_9457761081,3860229523,9457761081,17.24,residential,17,2,33.8
382809373,382809373_3860229523_9457761081,3860229523,9457761081,17.24,residential,18,2,34.4
382809373,382809373_3860229523_9457761081,3860229523,9457761081,17.24,residential,19,2,27.0
382809373,382809373_3860229523_9457761081,3860229523,9457761081,17.24,residential,20,2,26.6
382809373,382809373_3860229523_9457761081,3860229523,9457761081,17.24,residential,21,2,27.8
382809373,382809373_3860229523_9457761081,3860229523,9457761081,17.24,residential,22,2,28.3
382809373,382809373_3860229523_9457761081,3860229523,9457761081,17.24,residential,23,2,28.2
382809373,382809373_3860229523_9457761081,3860229523,9457761081,17.24,residential,0,3,27.4
382809373,382809373_3860229523_9457761081,3860229523,9457761081,17.24,residential,1,3,27.5
382809373,382809373_3860229523_9457761081,3860229523,9457761081,17.24,residential,2,3,28.6
382809373,382809373_3860229523_9457761081,3860229523,9457761081,17.24,residential,3,3,29.8
382809373,382809373_3860229523_9457761081,3860229523,9457761081,17.24,residential,4,3,29.8
382809373,382809373_3860229523_9457761081,3860229523,9457761081,17.24,residential,5,3,28.2
382809373,382809373_3860229523_9457761081,3860229523,9457761081,17.24,residential,6,3,27.3
382809373,382809373_3860229523_9457761081,3860229523,9457761081,17.24,residential,7,3,33.6
382809373,382809373_3860229523_9457761081,3860229523,9457761081,17.24,residential,8,3,32.9
382809373,382809373_3860229523_9457761081,3860229523,9457761081,17.24,residential,9,3,33.1
382809373,382809373_3860229523_9457761081,3860229523,9457761081,17.24,residential,10,3,29.9
382809373,382809373_3860229523_9457761081,3860229523,9457761081,17.24,residential,11,3,29.9
382809373,382809373_3860229523_9457761081,3860229523,9457761081,17.24,residential,12,3,29.5
382809373,382809373_3860229523_9457761081,3860229523,9457761081,17.24,residential,13,3,30.0
382809373,382809373_3860229523_9457761081,3860229523,9457761081,17.24,residential,14,3,27.2
382809373,382809373_3860229523_9457761081,3860229523,9457761081,17.24,residential,15,3,28.2
382809373,382809373_3860229523_9457761081,3860229523,9457761081,17.24,residential,16,3,33.7
382809373,382809373_3860229523_9457761081,3860229523,9457761081,17.24,residential,17,3,34.2
382809373,382809373_3860229523_9457761081,3860229523,9457761081,17.24,residential,18,3,33.9
382809373,382809373_3860229523_9457761081,3860229523,9457761081,17.24,residential,19,3,26.2
382809373,382809373_3860229523_9457761081,3860229523,9457761081,17.24,residential,20,3,26.4
382809373,382809373_3860229523_9457761081,3860229523,9457761081,17.24,residential,21,3,27.5
382809373,382809373_3860229523_9457761081,3860229523,9457761081,17.24,residential,22,3,28.7
382809373,382809373_3860229523_9457761081,3860229523,9457761081,17.24,residential,23,3,29.0
382809373,382809373_3860229523_9457761081,3860229523,9457761081,17.24,residential,0,4,26.8
382809373,382809373_3860229523_9457761081,3860229523,9457761081,17.24,residential,1,4,27.9
382809373,382809373_3860229523_9457761081,3860229523,9457761081,17.24,residential,2,4,28.1
382809373,382809373_3860229523_9457761081,3860229523,9457761081,17.24,residential,3,4,29.5
382809373,382809373_3860229523_9457761081,3860229523,9457761081,17.24,residential,4,4,28.8
382809373,382809373_3860229523_9457761081,3860229523,9457761081,17.24,residential,5,4,29.2
382809373,382809373_3860229523_9457761081,3860229523,9457761081,17.24,residential,6,4,27.5
382809373,382809373_3860229523_9457761081,3860229523,9457761081,17.24,residential,7,4,33.5
382809373,382809373_3860229523_9457761081,3860229523,9457761081,17.24,residential,8,4,33.3
382809373,382809373_3860229523_9457761081,3860229523,9457761081,17.24,residential,9,4,33.7
382809373,382809373_3860229523_9457761081,3860229523,9457761081,17.24,residential,10,4,28.9
382809373,382809373_3860229523_9457761081,3860229523,9457761081,17.24,residential,11,4,29.7
382809373,382809373_3860229523_9457761081,3860229523,9457761081,17.24,residential,12,4,30.1
382809373,382809373_3860229523_9457761081,3860229523,9457761081,17.24,residential,13,4,30.1
382809373,382809373_3860229523_9457761081,3860229523,9457761081,17.24,residential,14,4,27.7
382809373,382809373_3860229523_9457761081,3860229523,9457761081,17.24,residential,15,4,27.8
382809373,382809373_3860229523_9457761081,3860229523,9457761081,17.24,residential,16,4,33.4
382809373,382809373_3860229523_9457761081,3860229523,9457761081,17.24,residential,17,4,34.1
382809373,382809373_3860229523_9457761081,3860229523,9457761081,17.24,residential,18,4,33.9
382809373,382809373_3860229523_9457761081,3860229523,9457761081,17.24,residential,19,4,26.5
382809373,382809373_3860229523_9457761081,3860229523,9457761081,17.24,residential,20,4,27.4
382809373,382809373_3860229523_9457761081,3860229523,9457761081,17.24,residential,21,4,27.7
382809373,382809373_3860229523_9457761081,3860229523,9457761081,17.24,residential,22,4,29.0
382809373,382809373_3860229523_9457761081,3860229523,9457761081,17.24,residential,23,4,28.5
382809373,382809373_3860229523_9457761081,3860229523,9457761081,17.24,residential,0,5,27.4
382809373,382809373_3860229523_9457761081,3860229523,9457761081,17.24,residential,1,5,27.4
382809373,382809373_3860229523_9457761081,3860229523,9457761081,17.24,residential,2,5,27.7
382809373,382809373_3860229523_9457761081,3860229523,9457761081,17.24,residential,3,5,28.7
382809373,382809373_3860229523_9457761081,3860229523,9457761081,17.24,residential,4,5,28.7
382809373,382809373_3860229523_9457761081,3860229523,9457761081,17.24,residential,5,5,28.4
382809373,382809373_3860229523_9457761081,3860229523,9457761081,17.24,residential,6,5,27.6
382809373,382809373_3860229523_9457761081,3860229523,9457761081,17.24,residential,7,5,33.4
382809373,382809373_3860229523_9457761081,3860229523,9457761081,17.24,residential,8,5,33.2
382809373,382809373_3860229523_9457761081,3860229523,9457761081,17.24,residential,9,5,33.3
382809373,382809373_3860229523_9457761081,3860229523,9457761081,17.24,residential,10,5,29.1
382809373,382809373_3860229523_9457761081,3860229523,9457761081,17.24,residential,11,5,30.3
382809373,382809373_3860229523_9457761081,3860229523,9457761081,17.24,residential,12,5,29.0
382809373,382809373_3860229523_9457761081,3860229523,9457761081,17.24,residential,13,5,29.6
382809373,382809373_3860229523_9457761081,3860229523,9457761081,17.24,residential,14,5,27.6
382809373,382809373_3860229523_9457761081,3860229523,9457761081,17.24,residential,15,5,28.1
382809373,382809373_3860229523_9457761081,3860229523,9457761081,17.24,residential,16,5,33.8
382809373,382809373_3860229523_9457761081,3860229523,9457761081,17.24,residential,17,5,34.1
382809373,382809373_3860229523_9457761081,3860229523,9457761081,17.24,residential,18,5,34.0
382809373,382809373_3860229523_9457761081,3860229523,9457761081,17.24,residential,19,5,26.8
382809373,382809373_3860229523_9457761081,3860229523,9457761081,17.24,residential,20,5,26.6
382809373,382809373_3860229523_9457761081,3860229523,9457761081,17.24,residential,21,5,28.0
382809373,382809373_3860229523_9457761081,3860229523,9457761081,17.24,residential,22,5,28.7
382809373,382809373_3860229523_9457761081,3860229523,9457761081,17.24,residential,23,5,28.1
382809373,382809373_3860229523_9457761081,3860229523,9457761081,17.24,residential,0,6,27.1
382809373,382809373_3860229523_9457761081,3860229523,9457761081,17.24,residential,1,6,27.7
382809373,382809373_3860229523_9457761081,3860229523,9457761081,17.24,residential,2,6,28.0
382809373,382809373_3860229523_9457761081,3860229523,9457761081,17.24,residential,3,6,29.5
382809373,382809373_3860229523_9457761081,3860229523,9457761081,17.24,residential,4,6,29.5
382809373,382809373_3860229523_9457761081,3860229523,9457761081,17.24,residential,5,6,28.6
382809373,382809373_3860229523_9457761081,3860229523,9457761081,17.24,residential,6,6,28.1
382809373,382809373_3860229523_9457761081,3860229523,9457761081,17.24,residential,7,6,32.8
382809373,382809373_3860229523_9457761081,3860229523,9457761081,17.24,residential,8,6,33.1
382809373,382809373_3860229523_9457761081,3860229523,9457761081,17.24,residential,9,6,33.0
382809373,382809373_3860229523_9457761081,3860229523,9457761081,17.24,residential,10,6,29.2
382809373,382809373_3860229523_9457761081,3860229523,9457761081,17.24,residential,11,6,29.6
382809373,382809373_3860229523_9457761081,3860229523,9457761081,17.24,residential,12,6,30.0
382809373,382809373_3860229523_9457761081,3860229523,9457761081,17.24,residential,13,6,30.2
382809373,382809373_3860229523_9457761081,3860229523,9457761081,17.24,residential,14,6,27.7
382809373,382809373_3860229523_9457761081,3860229523,9457761081,17.24,residential,15,6,27.8
382809373,382809373_3860229523_9457761081,3860229523,9457761081,17.24,residential,16,6,33.9
382809373,382809373_3860229523_9457761081,3860229523,9457761081,17.24,residential,17,6,33.5
382809373,382809373_3860229523_9457761081,3860229523,9457761081,17.24,residential,18,6,34.0
382809373,382809373_3860229523_9457761081,3860229523,9457761081,17.24,residential,19,6,26.7
382809373,382809373_3860229523_9457761081,3860229523,9457761081,17.24,residential,20,6,26.4
382809373,382809373_3860229523_9457761081,3860229523,9457761081,17.24,residential,21,6,28.1
382809373,382809373_3860229523_9457761081,3860229523,9457761081,17.24,residential,22,6,29.0
382809373,382809373_3860229523_9457761081,3860229523,9457761081,17.24,residential,23,6,28.6
312886961,312886961_2774453990_2774453991,2774453990,2774453991,90.551,residential,0,0,145.7
312886961,312886961_2774453990_2774453991,2774453990,2774453991,90.551,residential,1,0,147.9
312886961,312886961_2774453990_2774453991,2774453990,2774453991,90.551,residential,2,0,154.7
312886961,312886961_2774453990_2774453991,2774453990,2774453991,90.551,residential,3,0,156.9
312886961,312886961_2774453990_2774453991,2774453990,2774453991,90.551,residential,4,0,147.6
312886961,312886961_2774453990_2774453991,2774453990,2774453991,90.551,residential,5,0,145.5
312886961,312886961_2774453990_2774453991,2774453990,2774453991,90.551,residential,6,0,147.5
312886961,312886961_2774453990_2774453991,2774453990,2774453991,90.551,residential,7,0,172.5
312886961,312886961_2774453990_2774453991,2774453990,2774453991,90.551,residential,8,0,176.1
312886961,312886961_2774453990_2774453991,2774453990,2774453991,90.551,residential,9,0,171.2
312886961,312886961_2774453990_2774453991,2774453990,2774453991,90.551,residential,10,0,144.4
312886961,312886961_2774453990_2774453991,2774453990,2774453991,90.551,residential,11,0,159.6
312886961,312886961_2774453990_2774453991,2774453990,2774453991,90.551,residential,12,0,159.1
312886961,312886961_2774453990_2774453991,2774453990,2774453991,90.551,residential,13,0,164.5
312886961,312886961_2774453990_2774453991,2774453990,2774453991,90.551,residential,14,0,146.6
312886961,312886961_2774453990_2774453991,2774453990,2774453991,90.551,residential,15,0,149.0
312886961,312886961_2774453990_2774453991,2774453990,2774453991,90.551,residential,16,0,184.9
312886961,312886961_2774453990_2774453991,2774453990,2774453991,90.551,residential,17,0,178.7
312886961,312886961_2774453990_2774453991,2774453990,2774453991,90.551,residential,18,0,184.1
312886961,312886961_2774453990_2774453991,2774453990,2774453991,90.551,residential,19,0,143.9
312886961,312886961_2774453990_2774453991,2774453990,2774453991,90.551,residential,20,0,150.5
312886961,312886961_2774453990_2774453991,2774453990,2774453991,90.551,residential,21,0,152.5
312886961,312886961_2774453990_2774453991,2774453990,2774453991,90.551,residential,22,0,151.8
312886961,312886961_2774453990_2774453991,2774453990,2774453991,90.551,residential,23,0,144.7
312886961,312886961_2774453990_2774453991,2774453990,2774453991,90.551,residential,0,1,147.5
312886961,312886961_2774453990_2774453991,2774453990,2774453991,90.551,residential,1,1,152.3
312886961,312886961_2774453990_2774453991,2774453990,2774453991,90.551,residential,2,1,151.7
312886961,312886961_2774453990_2774453991,2774453990,2774453991,90.551,residential,3,1,153.9
312886961,312886961_2774453990_2774453991,2774453990,2774453991,90.551,residential,4,1,150.6
312886961,312886961_2774453990_2774453991,2774453990,2774453991,90.551,residential,5,1,142.1
312886961,312886961_2774453990_2774453991,2774453990,2774453991,90.551,residential,6,1,144.9
312886961,312886961_2774453990_2774453991,2774453990,2774453991,90.551,residential,7,1,169.6
312886961,312886961_2774453990_2774453991,2774453990,2774453991,90.551,residential,8,1,172.8
312886961,312886961_2774453990_2774453991,2774453990,2774453991,90.551,residential,9,1,171.4
312886961,312886961_2774453990_2774453991,2774453990,2774453991,90.551,residential,10,1,150.5
312886961,312886961_2774453990_2774453991,2774453990,2774453991,90.551,residential,11,1,159.2
312886961,312886961_2774453990_2774453991,2774453990,2774453991,90.551,residential,12,1,157.1
312886961,312886961_2774453990_2774453991,2774453990,2774453991,90.551,residential,13,1,168.1
312886961,312886961_2774453990_2774453991,2774453990,2774453991,90.551,residential,14,1,145.6
312886961,312886961_2774453990_2774453991,2774453990,2774453991,90.551,residential,15,1,146.8
312886961,312886961_2774453990_2774453991,2774453990,2774453991,90.551,residential,16,1,183.2
312886961,312886961_2774453990_2774453991,2774453990,2774453991,90.551,residential,17,1,182.7
312886961,312886961_2774453990_2774453991,2774453990,2774453991,90.551,residential,18,1,184.3
312886961,312886961_2774453990_2774453991,2774453990,2774453991,90.551,residential,19,1,140.5
312886961,312886961_2774453990_2774453991,2774453990,2774453991,90.551,residential,20,1,146.4
312886961,312886961_2774453990_2774453991,2774453990,2774453991,90.551,residential,21,1,151.8
312886961,312886961_2774453990_2774453991,2774453990,2774453991,90.551,residential,22,1,150.5
312886961,312886961_2774453990_2774453991,2774453990,2774453991,90.551,residential,23,1,146.0
312886961,312886961_2774453990_2774453991,2774453990,2774453991,90.551,residential,0,2,145.0
312886961,312886961_2774453990_2774453991,2774453990,2774453991,90.551,residential,1,2,152.7
312886961,312886961_2774453990_2774453991,2774453990,2774453991,90.551,residential,2,2,154.7
312886961,312886961_2774453990_2774453991,2774453990,2774453991,90.551,residential,3,2,156.9
312886961,312886961_2774453990_2774453991,2774453990,2774453991,90.551,residential,4,2,150.0
312886961,312886961_2774453990_2774453991,2774453990,2774453991,90.551,residential,5,2,145.3
312886961,312886961_2774453990_2774453991,2774453990,2774453991,90.551,residential,6,2,145.8
312886961,312886961_2774453990_2774453991,2774453990,2774453991,90.551,residential,7,2,173.4
312886961,312886961_2774453990_2774453991,2774453990,2774453991,90.551,residential,8,2,174.4
312886961,312886961_2774453990_2774453991,2774453990,2774453991,90.551,residential,9,2,170.9
312886961,312886961_2774453990_2774453991,2774453990,2774453991,90.551,residential,10,2,144.6
312886961,312886961_2774453990_2774453991,2774453990,2774453991,90.551,residential,11,2,160.3
312886961,312886961_2774453990_2774453991,2774453990,2774453991,90.551,residential,12,2,159.5
312886961,312886961_2774453990_2774453991,2774453990,2774453991,90.551,residential,13,2,166.3
312886961,312886961_2774453990_2774453991,2774453990,2774453991,90.551,residential,14,2,151.0
312886961,312886961_2774453990_2774453991,2774453990,2774453991,90.551,residential,15,2,149.1
312886961,312886961_2774453990_2774453991,2774453990,2774453991,90.551,residential,16,2,183.1
312886961,312886961_2774453990_2774453991,2774453990,2774453991,90.551,residential,17,2,183.6
312886961,312886961_2774453990_2774453991,2774453990,2774453991,90.551,residential,18,2,178.5
312886961,312886961_2774453990_2774453991,2774453990,2774453991,90.551,residential,19,2,142.0
312886961,312886961_2774453990_2774453991,2774453990,2774453991,90.551,residential,20,2,149.9
312886961,312886961_2774453990_2774453991,2774453990,2774453991,90.551,residential,21,2,148.2
312886961,312886961_2774453990_2774453991,2774453990,2774453991,90.551,residential,22,2,148.8
312886961,312886961_2774453990_2774453991,2774453990,2774453991,90.551,residential,23,2,142.4
312886961,312886961_2774453990_2774453991,2774453990,2774453991,90.551,residential,0,3,145.0
312886961,312886961_2774453990_2774453991,2774453990,2774453991,90.551,residential,1,3,153.3
312886961,312886961_2774453990_2774453991,2774453990,2774453991,90.551,residential,2,3,157.6
312886961,312886961_2774453990_2774453991,2774453990,2774453991,90.551,residential,3,3,152.6
312886961,312886961_2774453990_2774453991,2774453990,2774453991,90.551,residential,4,3,147.6
312886961,312886961_2774453990_2774453991,2774453990,2774453991,90.551,residential,5,3,143.0
312886961,312886961_2774453990_2774453991,2774453990,2774453991,90.551,residential,6,3,143.5
312886961,312886961_2774453990_2774453991,2774453990,2774453991,90.551,residential,7,3,172.1
312886961,312886961_2774453990_2774453991,2774453990,2774453991,90.551,residential,8,3,174.2
312886961,312886961_2774453990_2774453991,2774453990,2774453991,90.551,residential,9,3,170.8
312886961,312886961_2774453990_2774453991,2774453990,2774453991,90.551,residential,10,3,146.4
312886961,312886961_2774453990_2774453991,2774453990,2774453991,90.551,residential,11,3,156.0
312886961,312886961_2774453990_2774453991,2774453990,2774453991,90.551,residential,12,3,159.3
312886961,312886961_2774453990_2774453991,2774453990,2774453991,90.551,residential,13,3,165.2
312886961,312886961_2774453990_2774453991,2774453990,2774453991,90.551,residential,14,3,150.8
312886961,312886961_2774453990_2774453991,2774453990,2774453991,90.551,residential,15,3,153.3
312886961,312886961_2774453990_2774453991,2774453990,2774453991,90.551,residential,16,3,180.5
312886961,312886961_2774453990_2774453991,2774453990,2774453991,90.551,residential,17,3,179.7
312886961,312886961_2774453990_2774453991,2774453990,2774453991,90.551,residential,18,3,180.2
312886961,312886961_2774453990_2774453991,2774453990,2774453991,90.551,residential,19,3,144.6
312886961,312886961_2774453990_2774453991,2774453990,2774453991,90.551,residential,20,3,148.5
312886961,312886961_2774453990_2774453991,2774453990,2774453991,90.551,residential,21,3,149.7
312886961,312886961_2774453990_2774453991,2774453990,2774453991,90.551,residential,22,3,150.5
312886961,312886961_2774453990_2774453991,2774453990,2774453991,90.551,residential,23,3,145.9
312886961,312886961_2774453990_2774453991,2774453990,2774453991,90.551,residential,0,4,145.8
312886961,312886961_2774453990_2774453991,2774453990,2774453991,90.551,residential,1,4,154.1
312886961,312886961_2774453990_2774453991,2774453990,2774453991,90.551,residential,2,4,153.1
312886961,312886961_2774453990_2774453991,2774453990,2774453991,90.551,residential,3,4,153.9
312886961,312886961_2774453990_2774453991,2774453990,2774453991,90.551,residential,4,4,150.0
312886961,312886961_2774453990_2774453991,2774453990,2774453991,90.551,residential,5,4,143.7
312886961,312886961_2774453990_2774453991,2774453990,2774453991,90.551,residential,6,4,144.1
312886961,312886961_2774453990_2774453991,2774453990,2774453991,90.551,residential,7,4,173.6
312886961,312886961_2774453990_2774453991,2774453990,2774453991,90.551,residential,8,4,174.4
312886961,312886961_2774453990_2774453991,2774453990,2774453991,90.551,residential,9,4,169.2
312886961,312886961_2774453990_2774453991,2774453990,2774453991,90.551,residential,10,4,151.0
312886961,312886961_2774453990_2774453991,2774453990,2774453991,90.551,residential,11,4,157.9
312886961,312886961_2774453990_2774453991,2774453990,2774453991,90.551,residential,12,4,162.4
312886961,312886961_2774453990_2774453991,2774453990,2774453991,90.551,residential,13,4,169.9
312886961,312886961_2774453990_2774453991,2774453990,2774453991,90.551,residential,14,4,148.7
312886961,312886961_2774453990_2774453991,2774453990,2774453991,90.551,residential,15,4,147.9
312886961,312886961_2774453990_2774453991,2774453990,2774453991,90.551,residential,16,4,184.2
312886961,312886961_2774453990_2774453991,2774453990,2774453991,90.551,residential,17,4,178.7
312886961,312886961_2774453990_2774453991,2774453990,2774453991,90.551,residential,18,4,180.2
312886961,312886961_2774453990_2774453991,2774453990,2774453991,90.551,residential,19,4,140.0
312886961,312886961_2774453990_2774453991,2774453990,2774453991,90.551,residential,20,4,149.5
312886961,312886961_2774453990_2774453991,2774453990,2774453991,90.551,residential,21,4,152.4
312886961,312886961_2774453990_2774453991,2774453990,2774453991,90.551,residential,22,4,150.6
312886961,312886961_2774453990_2774453991,2774453990,2774453991,90.551,residential,23,4,142.5
312886961,312886961_2774453990_2774453991,2774453990,2774453991,90.551,residential,0,5,147.0
312886961,312886961_2774453990_2774453991,2774453990,2774453991,90.551,residential,1,5,151.1
312886961,312886961_2774453990_2774453991,2774453990,2774453991,90.551,residential,2,5,153.4
312886961,312886961_2774453990_2774453991,2774453990,2774453991,90.551,residential,3,5,155.8
312886961,312886961_2774453990_2774453991,2774453990,2774453991,90.551,residential,4,5,148.8
312886961,312886961_2774453990_2774453991,2774453990,2774453991,90.551,residential,5,5,140.5
312886961,312886961_2774453990_2774453991,2774453990,2774453991,90.551,residential,6,5,146.5
312886961,312886961_2774453990_2774453991,2774453990,2774453991,90.551,residential,7,5,171.6
312886961,312886961_2774453990_2774453991,2774453990,2774453991,90.551,residential,8,5,169.8
312886961,312886961_2774453990_2774453991,2774453990,2774453991,90.551,residential,9,5,169.4
312886961,312886961_2774453990_2774453991,2774453990,2774453991,90.551,residential,10,5,149.4
312886961,312886961_2774453990_2774453991,2774453990,2774453991,90.551,residential,11,5,153.7
312886961,312886961_2774453990_2774453991,2774453990,2774453991,90.551,residential,12,5,159.2
312886961,312886961_2774453990_2774453991,2774453990,2774453991,90.551,residential,13,5,165.6
312886961,312886961_2774453990_2774453991,2774453990,2774453991,90.551,residential,14,5,150.4
312886961,312886961_2774453990_2774453991,2774453990,2774453991,90.551,residential,15,5,150.7
312886961,312886961_2774453990_2774453991,2774453990,2774453991,90.551,residential,16,5,184.3
312886961,312886961_2774453990_2774453991,2774453990,2774453991,90.551,residential,17,5,177.9
312886961,312886961_2774453990_2774453991,2774453990,2774453991,90.551,residential,18,5,180.9
312886961,312886961_2774453990_2774453991,2774453990,2774453991,90.551,residential,19,5,144.0
312886961,312886961_2774453990_2774453991,2774453990,2774453991,90.551,residential,20,5,145.8
312886961,312886961_2774453990_2774453991,2774453990,2774453991,90.551,residential,21,5,150.2
312886961,312886961_2774453990_2774453991,2774453990,2774453991,90.551,residential,22,5,148.9
312886961,312886961_2774453990_2774453991,2774453990,2774453991,90.551,residential,23,5,146.9
312886961,312886961_2774453990_2774453991,2774453990,2774453991,90.551,residential,0,6,143.7
312886961,312886961_2774453990_2774453991,2774453990,2774453991,90.551,residential,1,6,148.8
312886961,312886961_2774453990_2774453991,2774453990,2774453991,90.551,residential,2,6,150.8
312886961,312886961_2774453990_2774453991,2774453990,2774453991,90.551,residential,3,6,153.2
312886961,312886961_2774453990_2774453991,2774453990,2774453991,90.551,residential,4,6,146.0
312886961,312886961_2774453990_2774453991,2774453990,2774453991,90.551,residential,5,6,144.0
312886961,312886961_2774453990_2774453991,2774453990,2774453991,90.551,residential,6,6,142.9
312886961,312886961_2774453990_2774453991,2774453990,2774453991,90.551,residential,7,6,169.5
312886961,312886961_2774453990_2774453991,2774453990,2774453991,90.551,residential,8,6,171.8
312886961,312886961_2774453990_2774453991,2774453990,2774453991,90.551,residential,9,6,172.0
312886961,312886961_2774453990_2774453991,2774453990,2774453991,90.551,residential,10,6,148.7
312886961,312886961_2774453990_2774453991,2774453990,2774453991,90.551,residential,11,6,159.5
312886961,312886961_2774453990_2774453991,2774453990,2774453991,90.551,residential,12,6,162.2
312886961,312886961_2774453990_2774453991,2774453990,2774453991,90.551,residential,13,6,164.6
312886961,312886961_2774453990_2774453991,2774453990,2774453991,90.551,residential,14,6,149.0
312886961,312886961_2774453990_2774453991,2774453990,2774453991,90.551,residential,15,6,146.9
312886961,312886961_2774453990_2774453991,2774453990,2774453991,90.551,residential,16,6,178.6
312886961,312886961_2774453990_2774453991,2774453990,2774453991,90.551,residential,17,6,180.8
312886961,312886961_2774453990_2774453991,2774453990,2774453991,90.551,residential,18,6,179.0
312886961,312886961_2774453990_2774453991,2774453990,2774453991,90.551,residential,19,6,139.6
312886961,312886961_2774453990_2774453991,2774453990,2774453991,90.551,residential,20,6,147.2
312886961,312886961_2774453990_2774453991,2774453990,2774453991,90.551,residential,21,6,147.3
312886961,312886961_2774453990_2774453991,2774453990,2774453991,90.551,residential,22,6,151.3
312886961,312886961_2774453990_2774453991,2774453990,2774453991,90.551,residential,23,6,145.5
272514054,272514054_2774453999_2774454000,2774453999,2774454000,99.233,residential,0,0,168.6
272514054,272514054_2774453999_2774454000,2774453999,2774454000,99.233,residential,1,0,171.8
272514054,272514054_2774453999_2774454000,2774453999,2774454000,99.233,residential,2,0,167.5
272514054,272514054_2774453999_2774454000,2774453999,2774454000,99.233,residential,3,0,159.8
272514054,272514054_2774453999_2774454000,2774453999,2774454000,99.233,residential,4,0,160.0
272514054,272514054_2774453999_2774454000,2774453999,2774454000,99.233,residential,5,0,155.7
272514054,272514054_2774453999_2774454000,2774453999,2774454000,99.233,residential,6,0,162.6
272514054,272514054_2774453999_2774454000,2774453999,2774454000,99.233,residential,7,0,186.0
272514054,272514054_2774453999_2774454000,2774453999,2774454000,99.233,residential,8,0,186.1
272514054,272514054_2774453999_2774454000,2774453999,2774454000,99.233,residential,9,0,184.1
272514054,272514054_2774453999_2774454000,2774453999,2774454000,99.233,residential,10,0,154.3
272514054,272514054_2774453999_2774454000,2774453999,2774454000,99.233,residential,11,0,176.9
272514054,272514054_2774453999_2774454000,2774453999,2774454000,99.233,residential,12,0,187.9
272514054,272514054_2774453999_2774454000,2774453999,2774454000,99.233,residential,13,0,194.8
272514054,272514054_2774453999_2774454000,2774453999,2774454000,99.233,residential,14,0,166.6
272514054,272514054_2774453999_2774454000,2774453999,2774454000,99.233,residential,15,0,157.8
272514054,272514054_2774453999_2774454000,2774453999,2774454000,99.233,residential,16,0,202.2
272514054,272514054_2774453999_2774454000,2774453999,2774454000,99.233,residential,17,0,197.0
272514054,272514054_2774453999_2774454000,2774453999,2774454000,99.233,residential,18,0,207.2
272514054,272514054_2774453999_2774454000,2774453999,2774454000,99.233,residential,19,0,167.2
272514054,272514054_2774453999_2774454000,2774453999,2774454000,99.233,residential,20,0,166.4
272514054,272514054_2774453999_2774454000,2774453999,2774454000,99.233,residential,21,0,163.0
272514054,272514054_2774453999_2774454000,2774453999,2774454000,99.233,residential,22,0,156.6
272514054,272514054_2774453999_2774454000,2774453999,2774454000,99.233,residential,23,0,158.6
272514054,272514054_2774453999_2774454000,2774453999,2774454000,99.233,residential,0,1,165.7
272514054,272514054_2774453999_2774454000,2774453999,2774454000,99.233,residential,1,1,167.2
272514054,272514054_2774453999_2774454000,2774453999,2774454000,99.233,residential,2,1,170.5
272514054,272514054_2774453999_2774454000,2774453999,2774454000,99.233,residential,3,1,164.9
272514054,272514054_2774453999_2774454000,2774453999,2774454000,99.233,residential,4,1,157.6
272514054,272514054_2774453999_2774454000,2774453999,2774454000,99.233,residential,5,1,157.0
272514054,272514054_2774453999_2774454000,2774453999,2774454000,99.233,residential,6,1,159.8
272514054,272514054_2774453999_2774454000,2774453999,2774454000,99.233,residential,7,1,187.4
272514054,272514054_2774453999_2774454000,2774453999,2774454000,99.233,residential,8,1,187.9
272514054,272514054_2774453999_2774454000,2774453999,2774454000,99.233,residential,9,1,185.5
272514054,272514054_2774453999_2774454000,2774453999,2774454000,99.233,residential,10,1,154.7
272514054,272514054_2774453999_2774454000,2774453999,2774454000,99.233,residential,11,1,176.6
272514054,272514054_2774453999_2774454000,2774453999,2774454000,99.233,residential,12,1,184.7
272514054,272514054_2774453999_2774454000,2774453999,2774454000,99.233,residential,13,1,193.8
272514054,272514054_2774453999_2774454000,2774453999,2774454000,99.233,residential,14,1,160.5
272514054,272514054_2774453999_2774454000,2774453999,2774454000,99.233,residential,15,1,162.7
272514054,272514054_2774453999_2774454000,2774453999,2774454000,99.233,residential,16,1,198.8
272514054,272514054_2774453999_2774454000,2774453999,2774454000,99.233,residential,17,1,202.3
272514054,272514054_2774453999_2774454000,2774453999,2774454000,99.233,residential,18,1,203.0
272514054,272514054_2774453999_2774454000,2774453999,2774454000,99.233,residential,19,1,163.1
272514054,272514054_2774453999_2774454000,2774453999,2774454000,99.233,residential,20,1,167.7
272514054,272514054_2774453999_2774454000,2774453999,2774454000,99.233,residential,21,1,164.1
272514054,272514054_2774453999_2774454000,2774453999,2774454000,99.233,residential,22,1,159.4
272514054,272514054_2774453999_2774454000,2774453999,2774454000,99.233,residential,23,1,154.7
272514054,272514054_2774453999_2774454000,2774453999,2774454000,99.233,residential,0,2,170.1
272514054,272514054_2774453999_2774454000,2774453999,2774454000,99.233,residential,1,2,168.3
272514054,272514054_2774453999_2774454000,2774453999,2774454000,99.233,residential,2,2,165.3
272514054,272514054_2774453999_2774454000,2774453999,2774454000,99.233,residential,3,2,163.6
272514054,272514054_2774453999_2774454000,2774453999,2774454000,99.233,residential,4,2,156.3
272514054,272514054_2774453999_2774454000,2774453999,2774454000,99.233,residential,5,2,159.5
272514054,272514054_2774453999_2774454000,2774453999,2774454000,99.233,residential,6,2,160.2
272514054,272514054_2774453999_2774454000,2774453999,2774454000,99.233,residential,7,2,188.0
272514054,272514054_2774453999_2774454000,2774453999,2774454000,99.233,residential,8,2,191.7
272514054,272514054_2774453999_2774454000,2774453999,2774454000,99.233,residential,9,2,191.2
272514054,272514054_2774453999_2774454000,2774453999,2774454000,99.233,residential,10,2,154.0
272514054,272514054_2774453999_2774454000,2774453999,2774454000,99.233,residential,11,2,183.0
272514054,272514054_2774453999_2774454000,2774453999,2774454000,99.233,residential,12,2,188.9
272514054,272514054_2774453999_2774454000,2774453999,2774454000,99.233,residential,13,2,193.9
272514054,272514054_2774453999_2774454000,2774453999,2774454000,99.233,residential,14,2,163.0
272514054,272514054_2774453999_2774454000,2774453999,2774454000,99.233,residential,15,2,160.4
272514054,272514054_2774453999_2774454000,2774453999,2774454000,99.233,residential,16,2,201.7
272514054,272514054_2774453999_2774454000,2774453999,2774454000,99.233,residential,17,2,201.5
272514054,272514054_2774453999_2774454000,2774453999,2774454000,99.233,residential,18,2,205.4
272514054,272514054_2774453999_2774454000,2774453999,2774454000,99.233,residential,19,2,163.6
272514054,272514054_2774453999_2774454000,2774453999,2774454000,99.233,residential,20,2,166.6
272514054,272514054_2774453999_2774454000,2774453999,2774454000,99.233,residential,21,2,168.4
272514054,272514054_2774453999_2774454000,2774453999,2774454000,99.233,residential,22,2,161.6
272514054,272514054_2774453999_2774454000,2774453999,2774454000,99.233,residential,23,2,159.1
272514054,272514054_2774453999_2774454000,2774453999,2774454000,99.233,residential,0,3,164.4
272514054,272514054_2774453999_2774454000,2774453999,2774454000,99.233,residential,1,3,169.9
272514054,272514054_2774453999_2774454000,2774453999,2774454000,99.233,residential,2,3,170.9
272514054,272514054_2774453999_2774454000,2774453999,2774454000,99.233,residential,3,3,160.4
272514054,272514054_2774453999_2774454000,2774453999,2774454000,99.233,residential,4,3,158.0
272514054,272514054_2774453999_2774454000,2774453999,2774454000,99.233,residential,5,3,157.2
272514054,272514054_2774453999_2774454000,2774453999,2774454000,99.233,residential,6,3,166.0
272514054,272514054_2774453999_2774454000,2774453999,2774454000,99.233,residential,7,3,190.9
272514054,272514054_2774453999_2774454000,2774453999,2774454000,99.233,residential,8,3,187.9
272514054,272514054_2774453999_2774454000,2774453999,2774454000,99.233,residential,9,3,185.5
272514054,272514054_2774453999_2774454000,2774453999,2774454000,99.233,residential,10,3,150.6
272514054,272514054_2774453999_2774454000,2774453999,2774454000,99.233,residential,11,3,178.2
272514054,272514054_2774453999_2774454000,2774453999,2774454000,99.233,residential,12,3,187.6
272514054,272514054_2774453999_2774454000,2774453999,2774454000,99.233,residential,13,3,196.8
272514054,272514054_2774453999_2774454000,2774453999,2774454000,99.233,residential,14,3,166.0
272514054,272514054_2774453999_2774454000,2774453999,2774454000,99.233,residential,15,3,157.5
272514054,272514054_2774453999_2774454000,2774453999,2774454000,99.233,residential,16,3,197.4
272514054,272514054_2774453999_2774454000,2774453999,2774454000,99.233,residential,17,3,196.5
272514054,272514054_2774453999_2774454000,2774453999,2774454000,99.233,residential,18,3,204.6
272514054,272514054_2774453999_2774454000,2774453999,2774454000,99.233,residential,19,3,164.7
272514054,272514054_2774453999_2774454000,2774453999,2774454000,99.233,residential,20,3,169.4
272514054,272514054_2774453999_2774454000,2774453999,2774454000,99.233,residential,21,3,168.5
272514054,272514054_2774453999_2774454000,2774453999,2774454000,99.233,residential,22,3,157.3
272514054,272514054_2774453999_2774454000,2774453999,2774454000,99.233,residential,23,3,153.9
272514054,272514054_2774453999_2774454000,2774453999,2774454000,99.233,residential,0,4,169.0
272514054,272514054_2774453999_2774454000,2774453999,2774454000,99.233,residential,1,4,170.0
272514054,272514054_2774453999_2774454000,2774453999,2774454000,99.233,residential,2,4,169.4
272514054,272514054_2774453999_2774454000,2774453999,2774454000,99.233,residential,3,4,159.4
272514054,272514054_2774453999_2774454000,2774453999,2774454000,99.233,residential,4,4,159.9
272514054,272514054_2774453999_2774454000,2774453999,2774454000,99.233,residential,5,4,157.9
272514054,272514054_2774453999_2774454000,2774453999,2774454000,99.233,residential,6,4,162.4
272514054,272514054_2774453999_2774454000,2774453999,2774454000,99.233,residential,7,4,193.0
272514054,272514054_2774453999_2774454000,2774453999,2774454000,99.233,residential,8,4,187.5
272514054,272514054_2774453999_2774454000,2774453999,2774454000,99.233,residential,9,4,189.3
272514054,272514054_2774453999_2774454000,2774453999,2774454000,99.233,residential,10,4,152.0
272514054,272514054_2774453999_2774454000,2774453999,2774454000,99.233,residential,11,4,177.5
272514054,272514054_2774453999_2774454000,2774453999,2774454000,99.233,residential,12,4,190.3
272514054,272514054_2774453999_2774454000,2774453999,2774454000,99.233,residential,13,4,192.8
272514054,272514054_2774453999_2774454000,2774453999,2774454000,99.233,residential,14,4,160.9
272514054,272514054_2774453999_2774454000,2774453999,2774454000,99.233,residential,15,4,160.2
272514054,272514054_2774453999_2774454000,2774453999,2774454000,99.233,residential,16,4,198.4
272514054,272514054_2774453999_2774454000,2774453999,2774454000,99.233,residential,17,4,202.3
272514054,272514054_2774453999_2774454000,2774453999,2774454000,99.233,residential,18,4,201.4
272514054,272514054_2774453999_2774454000,2774453999,2774454000,99.233,residential,19,4,162.5
272514054,272514054_2774453999_2774454000,2774453999,2774454000,99.233,residential,20,4,170.4
272514054,272514054_2774453999_2774454000,2774453999,2774454000,99.233,residential,21,4,166.2
272514054,272514054_2774453999_2774454000,2774453999,2774454000,99.233,residential,22,4,157.3
272514054,272514054_2774453999_2774454000,2774453999,2774454000,99.233,residential,23,4,159.5
272514054,272514054_2774453999_2774454000,2774453999,2774454000,99.233,residential,0,5,165.1
272514054,272514054_2774453999_2774454000,2774453999,2774454000,99.233,residential,1,5,170.2
272514054,272514054_2774453999_2774454000,2774453999,2774454000,99.233,residential,2,5,166.6
272514054,272514054_2774453999_2774454000,2774453999,2774454000,99.233,residential,3,5,160.1
272514054,272514054_2774453999_2774454000,2774453999,2774454000,99.233,residential,4,5,155.2
272514054,272514054_2774453999_2774454000,2774453999,2774454000,99.233,residential,5,5,159.2
272514054,272514054_2774453999_2774454000,2774453999,2774454000,99.233,residential,6,5,161.2
272514054,272514054_2774453999_2774454000,2774453999,2774454000,99.233,residential,7,5,189.6
272514054,272514054_2774453999_2774454000,2774453999,2774454000,99.233,residential,8,5,190.6
272514054,272514054_2774453999_2774454000,2774453999,2774454000,99.233,residential,9,5,186.5
272514054,272514054_2774453999_2774454000,2774453999,2774454000,99.233,residential,10,5,152.2
272514054,272514054_2774453999_2774454000,2774453999,2774454000,99.233,residential,11,5,180.4
272514054,272514054_2774453999_2774454000,2774453999,2774454000,99.233,residential,12,5,184.4
272514054,272514054_2774453999_2774454000,2774453999,2774454000,99.233,residential,13,5,193.9
272514054,272514054_2774453999_2774454000,2774453999,2774454000,99.233,residential,14,5,166.4
272514054,272514054_2774453999_2774454000,2774453999,2774454000,99.233,residential,15,5,162.1
272514054,272514054_2774453999_2774454000,2774453999,2774454000,99.233,residential,16,5,198.3
272514054,272514054_2774453999_2774454000,2774453999,2774454000,99.233,residential,17,5,201.7
272514054,272514054_2774453999_2774454000,2774453999,2774454000,99.233,residential,18,5,199.6
272514054,272514054_2774453999_2774454000,2774453999,2774454000,99.233,residential,19,5,163.1
272514054,272514054_2774453999_2774454000,2774453999,2774454000,99.233,residential,20,5,167.1
272514054,272514054_2774453999_2774454000,2774453999,2774454000,99.233,residential,21,5,166.2
272514054,272514054_2774453999_2774454000,2774453999,2774454000,99.233,residential,22,5,160.4
272514054,272514054_2774453999_2774454000,2774453999,2774454000,99.233,residential,23,5,155.2
272514054,272514054_2774453999_2774454000,2774453999,2774454000,99.233,residential,0,6,163.5
272514054,272514054_2774453999_2774454000,2774453999,2774454000,99.233,residential,1,6,168.3
272514054,272514054_2774453999_2774454000,2774453999,2774454000,99.233,residential,2,6,163.0
272514054,272514054_2774453999_2774454000,2774453999,2774454000,99.233,residential,3,6,163.8
272514054,272514054_2774453999_2774454000,2774453999,2774454000,99.233,residential,4,6,158.9
272514054,272514054_2774453999_2774454000,2774453999,2774454000,99.233,residential,5,6,161.0
272514054,272514054_2774453999_2774454000,2774453999,2774454000,99.233,residential,6,6,165.2
272514054,272514054_2774453999_2774454000,2774453999,2774454000,99.233,residential,7,6,189.9
272514054,272514054_2774453999_2774454000,2774453999,2774454000,99.233,residential,8,6,184.9
272514054,272514054_2774453999_2774454000,2774453999,2774454000,99.233,residential,9,6,188.8
272514054,272514054_2774453999_2774454000,2774453999,2774454000,99.233,residential,10,6,151.4
272514054,272514054_2774453999_2774454000,2774453999,2774454000,99.233,residential,11,6,178.4
272514054,272514054_2774453999_2774454000,2774453999,2774454000,99.233,residential,12,6,187.0
272514054,272514054_2774453999_2774454000,2774453999,2774454000,99.233,residential,13,6,193.9
272514054,272514054_2774453999_2774454000,2774453999,2774454000,99.233,residential,14,6,164.1
272514054,272514054_2774453999_2774454000,2774453999,2774454000,99.233,residential,15,6,156.7
272514054,272514054_2774453999_2774454000,2774453999,2774454000,99.233,residential,16,6,195.6
272514054,272514054_2774453999_2774454000,2774453999,2774454000,99.233,residential,17,6,201.4
272514054,272514054_2774453999_2774454000,2774453999,2774454000,99.233,residential,18,6,202.8
272514054,272514054_2774453999_2774454000,2774453999,2774454000,99.233,residential,19,6,160.9
272514054,272514054_2774453999_2774454000,2774453999,2774454000,99.233,residential,20,6,168.6
272514054,272514054_2774453999_2774454000,2774453999,2774454000,99.233,residential,21,6,162.1
272514054,272514054_2774453999_2774454000,2774453999,2774454000,99.233,residential,22,6,159.6
272514054,272514054_2774453999_2774454000,2774453999,2774454000,99.233,residential,23,6,153.5
272514055,272514055_2774453986_2774454001,2774453986,2774454001,82.225,residential,0,0,139.1
272514055,272514055_2774453986_2774454001,2774453986,2774454001,82.225,residential,1,0,137.8
272514055,272514055_2774453986_2774454001,2774453986,2774454001,82.225,residential,2,0,131.4
272514055,272514055_2774453986_2774454001,2774453986,2774454001,82.225,residential,3,0,131.9
272514055,272514055_2774453986_2774454001,2774453986,2774454001,82.225,residential,4,0,129.6
272514055,272514055_2774453986_2774454001,2774453986,2774454001,82.225,residential,5,0,136.1
272514055,272514055_2774453986_2774454001,2774453986,2774454001,82.225,residential,6,0,139.8
272514055,272514055_2774453986_2774454001,2774453986,2774454001,82.225,residential,7,0,158.3
272514055,272514055_2774453986_2774454001,2774453986,2774454001,82.225,residential,8,0,158.4
272514055,272514055_2774453986_2774454001,2774453986,2774454001,82.225,residential,9,0,159.6
272514055,272514055_2774453986_2774454001,2774453986,2774454001,82.225,residential,10,0,128.6
272514055,272514055_2774453986_2774454001,2774453986,2774454001,82.225,residential,11,0,160.5
272514055,272514055_2774453986_2774454001,2774453986,2774454001,82.225,residential,12,0,164.0
272514055,272514055_2774453986_2774454001,2774453986,2774454001,82.225,residential,13,0,165.7
272514055,272514055_2774453986_2774454001,2774453986,2774454001,82.225,residential,14,0,132.5
272514055,272514055_2774453986_2774454001,2774453986,2774454001,82.225,residential,15,0,127.0
272514055,272514055_2774453986_2774454001,2774453986,2774454001,82.225,residential,16,0,164.7
272514055,272514055_2774453986_2774454001,2774453986,2774454001,82.225,residential,17,0,171.4
272514055,272514055_2774453986_2774454001,2774453986,2774454001,82.225,residential,18,0,172.4
272514055,272514055_2774453986_2774454001,2774453986,2774454001,82.225,residential,19,0,141.1
272514055,272514055_2774453986_2774454001,2774453986,2774454001,82.225,residential,20,0,135.1
272514055,272514055_2774453986_2774454001,2774453986,2774454001,82.225,residential,21,0,132.9
272514055,272514055_2774453986_2774454001,2774453986,2774454001,82.225,residential,22,0,130.6
272514055,272514055_2774453986_2774454001,2774453986,2774454001,82.225,residential,23,0,135.5
272514055,272514055_2774453986_2774454001,2774453986,2774454001,82.225,residential,0,1,140.6
272514055,272514055_2774453986_2774454001,2774453986,2774454001,82.225,residential,1,1,136.0
272514055,272514055_2774453986_2774454001,2774453986,2774454001,82.225,residential,2,1,134.8
272514055,272514055_2774453986_2774454001,2774453986,2774454001,82.225,residential,3,1,132.5
272514055,272514055_2774453986_2774454001,2774453986,2774454001,82.225,residential,4,1,130.6
272514055,272514055_2774453986_2774454001,2774453986,2774454001,82.225,residential,5,1,134.5
272514055,272514055_2774453986_2774454001,2774453986,2774454001,82.225,residential,6,1,140.5
272514055,272514055_2774453986_2774454001,2774453986,2774454001,82.225,residential,7,1,155.6
272514055,272514055_2774453986_2774454001,2774453986,2774454001,82.225,residential,8,1,156.9
272514055,272514055_2774453986_2774454001,2774453986,2774454001,82.225,residential,9,1,156.1
272514055,272514055_2774453986_2774454001,2774453986,2774454001,82.225,residential,10,1,129.8
272514055,272514055_2774453986_2774454001,2774453986,2774454001,82.225,residential,11,1,156.5
272514055,272514055_2774453986_2774454001,2774453986,2774454001,82.225,residential,12,1,163.4
272514055,272514055_2774453986_2774454001,2774453986,2774454001,82.225,residential,13,1,161.1
272514055,272514055_2774453986_2774454001,2774453986,2774454001,82.225,residential,14,1,132.2
272514055,272514055_2774453986_2774454001,2774453986,2774454001,82.225,residential,15,1,130.8
272514055,272514055_2774453986_2774454001,2774453986,2774454001,82.225,residential,16,1,164.7
272514055,272514055_2774453986_2774454001,2774453986,2774454001,82.225,residential,17,1,169.3
272514055,272514055_2774453986_2774454001,2774453986,2774454001,82.225,residential,18,1,171.0
272514055,272514055_2774453986_2774454001,2774453986,2774454001,82.225,residential,19,1,139.3
272514055,272514055_2774453986_2774454001,2774453986,2774454001,82.225,residential,20,1,139.0
272514055,272514055_2774453986_2774454001,2774453986,2774454001,82.225,residential,21,1,129.5
272514055,272514055_2774453986_2774454001,2774453986,2774454001,82.225,residential,22,1,132.5
272514055,272514055_2774453986_2774454001,2774453986,2774454001,82.225,residential,23,1,133.2
272514055,272514055_2774453986_2774454001,2774453986,2774454001,82.225,residential,0,2,140.3
272514055,272514055_2774453986_2774454001,2774453986,2774454001,82.225,residential,1,2,134.7
272514055,272514055_2774453986_2774454001,2774453986,2774454001,82.225,residential,2,2,131.6
272514055,272514055_2774453986_2774454001,2774453986,2774454001,82.225,residential,3,2,130.5
272514055,272514055_2774453986_2774454001,2774453986,2774454001,82.225,residential,4,2,131.2
272514055,272514055_2774453986_2774454001,2774453986,2774454001,82.225,residential,5,2,133.9
272514055,272514055_2774453986_2774454001,2774453986,2774454001,82.225,residential,6,2,137.5
272514055,272514055_2774453986_2774454001,2774453986,2774454001,82.225,residential,7,2,157.2
272514055,272514055_2774453986_2774454001,2774453986,2774454001,82.225,residential,8,2,158.0
272514055,272514055_2774453986_2774454001,2774453986,2774454001,82.225,residential,9,2,156.7
272514055,272514055_2774453986_2774454001,2774453986,2774454001,82.225,residential,10,2,128.5
272514055,272514055_2774453986_2774454001,2774453986,2774454001,82.225,residential,11,2,157.8
272514055,272514055_2774453986_2774454001,2774453986,2774454001,82.225,residential,12,2,163.2
272514055,272514055_2774453986_2774454001,2774453986,2774454001,82.225,residential,13,2,162.4
272514055,272514055_2774453986_2774454001,2774453986,2774454001,82.225,residential,14,2,134.1
272514055,272514055_2774453986_2774454001,2774453986,2774454001,82.225,residential,15,2,126.2
272514055,272514055_2774453986_2774454001,2774453986,2774454001,82.225,residential,16,2,163.2
272514055,272514055_2774453986_2774454001,2774453986,2774454001,82.225,residential,17,2,165.9
272514055,272514055_2774453986_2774454001,2774453986,2774454001,82.225,residential,18,2,172.0
272514055,272514055_2774453986_2774454001,2774453986,2774454001,82.225,residential,19,2,142.6
272514055,272514055_2774453986_2774454001,2774453986,2774454001,82.225,residential,20,2,139.6
272514055,272514055_2774453986_2774454001,2774453986,2774454001,82.225,residential,21,2,129.6
272514055,272514055_2774453986_2774454001,2774453986,2774454001,82.225,residential,22,2,128.3
272514055,272514055_2774453986_2774454001,2774453986,2774454001,82.225,residential,23,2,134.3
272514055,272514055_2774453986_2774454001,2774453986,2774454001,82.225,residential,0,3,141.7
272514055,272514055_2774453986_2774454001,2774453986,2774454001,82.225,residential,1,3,136.6
272514055,272514055_2774453986_2774454001,2774453986,2774454001,82.225,residential,2,3,131.6
272514055,272514055_2774453986_2774454001,2774453986,2774454001,82.225,residential,3,3,130.8
272514055,272514055_2774453986_2774454001,2774453986,2774454001,82.225,residential,4,3,131.0
272514055,272514055_2774453986_2774454001,2774453986,2774454001,82.225,residential,5,3,136.4
272514055,272514055_2774453986_2774454001,2774453986,2774454001,82.225,residential,6,3,139.5
272514055,272514055_2774453986_2774454001,2774453986,2774454001,82.225,residential,7,3,157.0
272514055,272514055_2774453986_2774454001,2774453986,2774454001,82.225,residential,8,3,157.8
272514055,272514055_2774453986_2774454001,2774453986,2774454001,82.225,residential,9,3,161.1
272514055,272514055_2774453986_2774454001,2774453986,2774454001,82.225,residential,10,3,129.3
272514055,272514055_2774453986_2774454001,2774453986,2774454001,82.225,residential,11,3,159.0
272514055,272514055_2774453986_2774454001,2774453986,2774454001,82.225,residential,12,3,160.8
272514055,272514055_2774453986_2774454001,2774453986,2774454001,82.225,residential,13,3,161.8
272514055,272514055_2774453986_2774454001,2774453986,2774454001,82.225,residential,14,3,133.3
272514055,272514055_2774453986_2774454001,2774453986,2774454001,82.225,residential,15,3,129.8
272514055,272514055_2774453986_2774454001,2774453986,2774454001,82.225,residential,16,3,167.1
272514055,272514055_2774453986_2774454001,2774453986,2774454001,82.225,residential,17,3,168.1
272514055,272514055_2774453986_2774454001,2774453986,2774454001,82.225,residential,18,3,169.1
272514055,272514055_2774453986_2774454001,2774453986,2774454001,82.225,residential,19,3,136.5
272514055,272514055_2774453986_2774454001,2774453986,2774454001,82.225,residential,20,3,136.5
272514055,272514055_2774453986_2774454001,2774453986,2774454001,82.225,residential,21,3,132.3
272514055,272514055_2774453986_2774454001,2774453986,2774454001,82.225,residential,22,3,133.9
272514055,272514055_2774453986_2774454001,2774453986,2774454001,82.225,residential,23,3,137.1
272514055,272514055_2774453986_2774454001,2774453986,2774454001,82.225,residential,0,4,142.1
272514055,272514055_2774453986_2774454001,2774453986,2774454001,82.225,residential,1,4,136.9
272514055,272514055_2774453986_2774454001,2774453986,2774454001,82.225,residential,2,4,132.9
272514055,272514055_2774453986_2774454001,2774453986,2774454001,82.225,residential,3,4,130.9
272514055,272514055_2774453986_2774454001,2774453986,2774454001,82.225,residential,4,4,132.8
272514055,272514055_2774453986_2774454001,2774453986,2774454001,82.225,residential,5,4,132.4
272514055,272514055_2774453986_2774454001,2774453986,2774454001,82.225,residential,6,4,135.0
272514055,272514055_2774453986_2774454001,2774453986,2774454001,82.225,residential,7,4,155.9
272514055,272514055_2774453986_2774454001,2774453986,2774454001,82.225,residential,8,4,154.8
272514055,272514055_2774453986_2774454001,2774453986,2774454001,82.225,residential,9,4,157.3
272514055,272514055_2774453986_2774454001,2774453986,2774454001,82.225,residential,10,4,127.1
272514055,272514055_2774453986_2774454001,2774453986,2774454001,82.225,residential,11,4,161.2
272514055,272514055_2774453986_2774454001,2774453986,2774454001,82.225,residential,12,4,163.2
272514055,272514055_2774453986_2774454001,2774453986,2774454001,82.225,residential,13,4,164.1
272514055,272514055_2774453986_2774454001,2774453986,2774454001,82.225,residential,14,4,134.6
272514055,272514055_2774453986_2774454001,2774453986,2774454001,82.225,residential,15,4,127.3
272514055,272514055_2774453986_2774454001,2774453986,2774454001,82.225,residential,16,4,167.2
272514055,272514055_2774453986_2774454001,2774453986,2774454001,82.225,residential,17,4,168.8
272514055,272514055_2774453986_2774454001,2774453986,2774454001,82.225,residential,18,4,167.2
272514055,272514055_2774453986_2774454001,2774453986,2774454001,82.225,residential,19,4,140.7
272514055,272514055_2774453986_2774454001,2774453986,2774454001,82.225,residential,20,4,137.5
272514055,272514055_2774453986_2774454001,2774453986,2774454001,82.225,residential,21,4,133.9
272514055,272514055_2774453986_2774454001,2774453986,2774454001,82.225,residential,22,4,133.6
272514055,272514055_2774453986_2774454001,2774453986,2774454001,82.225,residential,23,4,136.0
272514055,272514055_2774453986_2774454001,2774453986,2774454001,82.225,residential,0,5,137.8
272514055,272514055_2774453986_2774454001,2774453986,2774454001,82.225,residential,1,5,138.4
272514055,272514055_2774453986_2774454001,2774453986,2774454001,82.225,residential,2,5,132.6
272514055,272514055_2774453986_2774454001,2774453986,2774454001,82.225,residential,3,5,131.1
272514055,272514055_2774453986_2774454001,2774453986,2774454001,82.225,residential,4,5,128.4
272514055,272514055_2774453986_2774454001,2774453986,2774454001,82.225,residential,5,5,133.7
272514055,272514055_2774453986_2774454001,2774453986,2774454001,82.225,residential,6,5,137.7
272514055,272514055_2774453986_2774454001,2774453986,2774454001,82.225,residential,7,5,158.1
272514055,272514055_2774453986_2774454001,2774453986,2774454001,82.225,residential,8,5,157.7
272514055,272514055_2774453986_2774454001,2774453986,2774454001,82.225,residential,9,5,156.4
272514055,272514055_2774453986_2774454001,2774453986,2774454001,82.225,residential,10,5,127.1
272514055,272514055_2774453986_2774454001,2774453986,2774454001,82.225,residential,11,5,158.0
272514055,272514055_2774453986_2774454001,2774453986,2774454001,82.225,residential,12,5,163.6
272514055,272514055_2774453986_2774454001,2774453986,2774454001,82.225,residential,13,5,160.9
272514055,272514055_2774453986_2774454001,2774453986,2774454001,82.225,residential,14,5,130.7
272514055,272514055_2774453986_2774454001,2774453986,2774454001,82.225,residential,15,5,128.7
272514055,272514055_2774453986_2774454001,2774453986,2774454001,82.225,residential,16,5,166.3
272514055,272514055_2774453986_2774454001,2774453986,2774454001,82.225,residential,17,5,166.4
272514055,272514055_2774453986_2774454001,2774453986,2774454001,82.225,residential,18,5,168.0
272514055,272514055_2774453986_2774454001,2774453986,2774454001,82.225,residential,19,5,137.3
272514055,272514055_2774453986_2774454001,2774453986,2774454001,82.225,residential,20,5,135.7
272514055,272514055_2774453986_2774454001,2774453986,2774454001,82.225,residential,21,5,131.5
272514055,272514055_2774453986_2774454001,2774453986,2774454001,82.225,residential,22,5,132.9
272514055,272514055_2774453986_2774454001,2774453986,2774454001,82.225,residential,23,5,133.7
272514055,272514055_2774453986_2774454001,2774453986,2774454001,82.225,residential,0,6,137.3
272514055,272514055_2774453986_2774454001,2774453986,2774454001,82.225,residential,1,6,136.7
272514055,272514055_2774453986_2774454001,2774453986,2774454001,82.225,residential,2,6,131.1
272514055,272514055_2774453986_2774454001,2774453986,2774454001,82.225,residential,3,6,131.3
272514055,272514055_2774453986_2774454001,2774453986,2774454001,82.225,residential,4,6,131.9
272514055,272514055_2774453986_2774454001,2774453986,2774454001,82.225,residential,5,6,134.0
272514055,272514055_2774453986_2774454001,2774453986,2774454001,82.225,residential,6,6,134.0
272514055,272514055_2774453986_2774454001,2774453986,2774454001,82.225,residential,7,6,159.3
272514055,272514055_2774453986_2774454001,2774453986,2774454001,82.225,residential,8,6,153.0
272514055,272514055_2774453986_2774454001,2774453986,2774454001,82.225,residential,9,6,158.8
272514055,272514055_2774453986_2774454001,2774453986,2774454001,82.225,residential,10,6,127.3
272514055,272514055_2774453986_2774454001,2774453986,2774454001,82.225,residential,11,6,158.0
272514055,272514055_2774453986_2774454001,2774453986,2774454001,82.225,residential,12,6,162.0
272514055,272514055_2774453986_2774454001,2774453986,2774454001,82.225,residential,13,6,162.6
272514055,272514055_2774453986_2774454001,2774453986,2774454001,82.225,residential,14,6,128.5
272514055,272514055_2774453986_2774454001,2774453986,2774454001,82.225,residential,15,6,127.4
272514055,272514055_2774453986_2774454001,2774453986,2774454001,82.225,residential,16,6,165.1
272514055,272514055_2774453986_2774454001,2774453986,2774454001,82.225,residential,17,6,165.3
272514055,272514055_2774453986_2774454001,2774453986,2774454001,82.225,residential,18,6,171.1
272514055,272514055_2774453986_2774454001,2774453986,2774454001,82.225,residential,19,6,137.7
272514055,272514055_2774453986_2774454001,2774453986,2774454001,82.225,residential,20,6,133.8
272514055,272514055_2774453986_2774454001,2774453986,2774454001,82.225,residential,21,6,131.2
272514055,272514055_2774453986_2774454001,2774453986,2774454001,82.225,residential,22,6,130.5
272514055,272514055_2774453986_2774454001,2774453986,2774454001,82.225,residential,23,6,131.1
272514058,272514058_2774454009_2774454010,2774454009,2774454010,91.88,residential,0,0,154.8
272514058,272514058_2774454009_2774454010,2774454009,2774454010,91.88,residential,1,0,147.1
272514058,272514058_2774454009_2774454010,2774454009,2774454010,91.88,residential,2,0,142.9
272514058,272514058_2774454009_2774454010,2774454009,2774454010,91.88,residential,3,0,146.2
272514058,272514058_2774454009_2774454010,2774454009,2774454010,91.88,residential,4,0,154.0
272514058,272514058_2774454009_2774454010,2774454009,2774454010,91.88,residential,5,0,151.8
272514058,272514058_2774454009_2774454010,2774454009,2774454010,91.88,residential,6,0,149.7
272514058,272514058_2774454009_2774454010,2774454009,2774454010,91.88,residential,7,0,179.3
272514058,272514058_2774454009_2774454010,2774454009,2774454010,91.88,residential,8,0,182.8
272514058,272514058_2774454009_2774454010,2774454009,2774454010,91.88,residential,9,0,189.5
272514058,272514058_2774454009_2774454010,2774454009,2774454010,91.88,residential,10,0,147.9
272514058,272514058_2774454009_2774454010,2774454009,2774454010,91.88,residential,11,0,184.2
272514058,272514058_2774454009_2774454010,2774454009,2774454010,91.88,residential,12,0,178.9
272514058,272514058_2774454009_2774454010,2774454009,2774454010,91.88,residential,13,0,172.4
272514058,272514058_2774454009_2774454010,2774454009,2774454010,91.88,residential,14,0,145.4
272514058,272514058_2774454009_2774454010,2774454009,2774454010,91.88,residential,15,0,148.4
272514058,272514058_2774454009_2774454010,2774454009,2774454010,91.88,residential,16,0,186.0
272514058,272514058_2774454009_2774454010,2774454009,2774454010,91.88,residential,17,0,185.3
272514058,272514058_2774454009_2774454010,2774454009,2774454010,91.88,residential,18,0,185.5
272514058,272514058_2774454009_2774454010,2774454009,2774454010,91.88,residential,19,0,150.5
272514058,272514058_2774454009_2774454010,2774454009,2774454010,91.88,residential,20,0,148.9
272514058,272514058_2774454009_2774454010,2774454009,2774454010,91.88,residential,21,0,144.8
272514058,272514058_2774454009_2774454010,2774454009,2774454010,91.88,residential,22,0,147.3
272514058,272514058_2774454009_2774454010,2774454009,2774454010,91.88,residential,23,0,158.1
272514058,272514058_2774454009_2774454010,2774454009,2774454010,91.88,residential,0,1,150.0
272514058,272514058_2774454009_2774454010,2774454009,2774454010,91.88,residential,1,1,146.7
272514058,272514058_2774454009_2774454010,2774454009,2774454010,91.88,residential,2,1,140.3
272514058,272514058_2774454009_2774454010,2774454009,2774454010,91.88,residential,3,1,143.1
272514058,272514058_2774454009_2774454010,2774454009,2774454010,91.88,residential,4,1,150.7
272514058,272514058_2774454009_2774454010,2774454009,2774454010,91.88,residential,5,1,154.9
272514058,272514058_2774454009_2774454010,2774454009,2774454010,91.88,residential,6,1,147.1
272514058,272514058_2774454009_2774454010,2774454009,2774454010,91.88,residential,7,1,179.1
272514058,272514058_2774454009_2774454010,2774454009,2774454010,91.88,residential,8,1,183.3
272514058,272514058_2774454009_2774454010,2774454009,2774454010,91.88,residential,9,1,190.2
272514058,272514058_2774454009_2774454010,2774454009,2774454010,91.88,residential,10,1,151.2
272514058,272514058_2774454009_2774454010,2774454009,2774454010,91.88,residential,11,1,185.5
272514058,272514058_2774454009_2774454010,2774454009,2774454010,91.88,residential,12,1,181.8
272514058,272514058_2774454009_2774454010,2774454009,2774454010,91.88,residential,13,1,174.2
272514058,272514058_2774454009_2774454010,2774454009,2774454010,91.88,residential,14,1,142.1
272514058,272514058_2774454009_2774454010,2774454009,2774454010,91.88,residential,15,1,144.8
272514058,272514058_2774454009_2774454010,2774454009,2774454010,91.88,residential,16,1,184.4
272514058,272514058_2774454009_2774454010,2774454009,2774454010,91.88,residential,17,1,183.6
272514058,272514058_2774454009_2774454010,2774454009,2774454010,91.88,residential,18,1,179.7
272514058,272514058_2774454009_2774454010,2774454009,2774454010,91.88,residential,19,1,153.7
272514058,272514058_2774454009_2774454010,2774454009,2774454010,91.88,residential,20,1,150.5
272514058,272514058_2774454009_2774454010,2774454009,2774454010,91.88,residential,21,1,143.9
272514058,272514058_2774454009_2774454010,2774454009,2774454010,91.88,residential,22,1,149.3
272514058,272514058_2774454009_2774454010,2774454009,2774454010,91.88,residential,23,1,157.1
272514058,272514058_2774454009_2774454010,2774454009,2774454010,91.88,residential,0,2,152.8
272514058,272514058_2774454009_2774454010,2774454009,2774454010,91.88,residential,1,2,148.4
272514058,272514058_2774454009_2774454010,2774454009,2774454010,91.88,residential,2,2,145.6
272514058,272514058_2774454009_2774454010,2774454009,2774454010,91.88,residential,3,2,143.2
272514058,272514058_2774454009_2774454010,2774454009,2774454010,91.88,residential,4,2,149.2
272514058,272514058_2774454009_2774454010,2774454009,2774454010,91.88,residential,5,2,154.3
272514058,272514058_2774454009_2774454010,2774454009,2774454010,91.88,residential,6,2,150.3
272514058,272514058_2774454009_2774454010,2774454009,2774454010,91.88,residential,7,2,174.0
272514058,272514058_2774454009_2774454010,2774454009,2774454010,91.88,residential,8,2,180.4
272514058,272514058_2774454009_2774454010,2774454009,2774454010,91.88,residential,9,2,185.4
272514058,272514058_2774454009_2774454010,2774454009,2774454010,91.88,residential,10,2,148.2
272514058,272514058_2774454009_2774454010,2774454009,2774454010,91.88,residential,11,2,184.5
272514058,272514058_2774454009_2774454010,2774454009,2774454010,91.88,residential,12,2,182.4
272514058,272514058_2774454009_2774454010,2774454009,2774454010,91.88,residential,13,2,175.8
272514058,272514058_2774454009_2774454010,2774454009,2774454010,91.88,residential,14,2,142.2
272514058,272514058_2774454009_2774454010,2774454009,2774454010,91.88,residential,15,2,145.0
272514058,272514058_2774454009_2774454010,2774454009,2774454010,91.88,residential,16,2,189.8
272514058,272514058_2774454009_2774454010,2774454009,2774454010,91.88,residential,17,2,190.2
272514058,272514058_2774454009_2774454010,2774454009,2774454010,91.88,residential,18,2,182.7
272514058,272514058_2774454009_2774454010,2774454009,2774454010,91.88,residential,19,2,154.5
272514058,272514058_2774454009_2774454010,2774454009,2774454010,91.88,residential,20,2,145.7
272514058,272514058_2774454009_2774454010,2774454009,2774454010,91.88,residential,21,2,147.3
272514058,272514058_2774454009_2774454010,2774454009,2774454010,91.88,residential,22,2,149.8
272514058,272514058_2774454009_2774454010,2774454009,2774454010,91.88,residential,23,2,156.8
272514058,272514058_2774454009_2774454010,2774454009,2774454010,91.88,residential,0,3,152.5
272514058,272514058_2774454009_2774454010,2774454009,2774454010,91.88,residential,1,3,143.1
272514058,272514058_2774454009_2774454010,2774454009,2774454010,91.88,residential,2,3,144.2
272514058,272514058_2774454009_2774454010,2774454009,2774454010,91.88,residential,3,3,144.7
272514058,272514058_2774454009_2774454010,2774454009,2774454010,91.88,residential,4,3,152.3
272514058,272514058_2774454009_2774454010,2774454009,2774454010,91.88,residential,5,3,154.4
272514058,272514058_2774454009_2774454010,2774454009,2774454010,91.88,residential,6,3,146.9
272514058,272514058_2774454009_2774454010,2774454009,2774454010,91.88,residential,7,3,180.8
272514058,272514058_2774454009_2774454010,2774454009,2774454010,91.88,residential,8,3,182.0
272514058,272514058_2774454009_2774454010,2774454009,2774454010,91.88,residential,9,3,190.3
272514058,272514058_2774454009_2774454010,2774454009,2774454010,91.88,residential,10,3,148.9
272514058,272514058_2774454009_2774454010,2774454009,2774454010,91.88,residential,11,3,181.7
272514058,272514058_2774454009_2774454010,2774454009,2774454010,91.88,residential,12,3,178.3
272514058,272514058_2774454009_2774454010,2774454009,2774454010,91.88,residential,13,3,177.6
272514058,272514058_2774454009_2774454010,2774454009,2774454010,91.88,residential,14,3,143.5
272514058,272514058_2774454009_2774454010,2774454009,2774454010,91.88,residential,15,3,145.5
272514058,272514058_2774454009_2774454010,2774454009,2774454010,91.88,residential,16,3,183.6
272514058,272514058_2774454009_2774454010,2774454009,2774454010,91.88,residential,17,3,188.7
272514058,272514058_2774454009_2774454010,2774454009,2774454010,91.88,residential,18,3,181.6
272514058,272514058_2774454009_2774454010,2774454009,2774454010,91.88,residential,19,3,149.2
272514058,272514058_2774454009_2774454010,2774454009,2774454010,91.88,residential,20,3,146.9
272514058,272514058_2774454009_2774454010,2774454009,2774454010,91.88,residential,21,3,147.5
272514058,272514058_2774454009_2774454010,2774454009,2774454010,91.88,residential,22,3,147.9
272514058,272514058_2774454009_2774454010,2774454009,2774454010,91.88,residential,23,3,156.2
272514058,272514058_2774454009_2774454010,2774454009,2774454010,91.88,residential,0,4,151.1
272514058,272514058_2774454009_2774454010,2774454009,2774454010,91.88,residential,1,4,143.1
272514058,272514058_2774454009_2774454010,2774454009,2774454010,91.88,residential,2,4,143.5
272514058,272514058_2774454009_2774454010,2774454009,2774454010,91.88,residential,3,4,148.6
272514058,272514058_2774454009_2774454010,2774454009,2774454010,91.88,residential,4,4,152.9
272514058,272514058_2774454009_2774454010,2774454009,2774454010,91.88,residential,5,4,151.0
272514058,272514058_2774454009_2774454010,2774454009,2774454010,91.88,residential,6,4,152.2
272514058,272514058_2774454009_2774454010,2774454009,2774454010,91.88,residential,7,4,175.7
272514058,272514058_2774454009_2774454010,2774454009,2774454010,91.88,residential,8,4,183.2
272514058,272514058_2774454009_2774454010,2774454009,2774454010,91.88,residential,9,4,185.2
272514058,272514058_2774454009_2774454010,2774454009,2774454010,91.88,residential,10,4,152.1
272514058,272514058_2774454009_2774454010,2774454009,2774454010,91.88,residential,11,4,183.6
272514058,272514058_2774454009_2774454010,2774454009,2774454010,91.88,residential,12,4,179.7
272514058,272514058_2774454009_2774454010,2774454009,2774454010,91.88,residential,13,4,172.9
272514058,272514058_2774454009_2774454010,2774454009,2774454010,91.88,residential,14,4,144.5
272514058,272514058_2774454009_2774454010,2774454009,2774454010,91.88,residential,15,4,144.3
272514058,272514058_2774454009_2774454010,2774454009,2774454010,91.88,residential,16,4,186.8
272514058,272514058_2774454009_2774454010,2774454009,2774454010,91.88,residential,17,4,187.2
272514058,272514058_2774454009_2774454010,2774454009,2774454010,91.88,residential,18,4,183.7
272514058,272514058_2774454009_2774454010,2774454009,2774454010,91.88,residential,19,4,150.6
272514058,272514058_2774454009_2774454010,2774454009,2774454010,91.88,residential,20,4,147.7
272514058,272514058_2774454009_2774454010,2774454009,2774454010,91.88,residential,21,4,149.6
272514058,272514058_2774454009_2774454010,2774454009,2774454010,91.88,residential,22,4,150.6
272514058,272514058_2774454009_2774454010,2774454009,2774454010,91.88,residential,23,4,158.0
272514058,272514058_2774454009_2774454010,2774454009,2774454010,91.88,residential,0,5,148.5
272514058,272514058_2774454009_2774454010,2774454009,2774454010,91.88,residential,1,5,142.7
272514058,272514058_2774454009_2774454010,2774454009,2774454010,91.88,residential,2,5,141.1
272514058,272514058_2774454009_2774454010,2774454009,2774454010,91.88,residential,3,5,143.9
272514058,272514058_2774454009_2774454010,2774454009,2774454010,91.88,residential,4,5,149.8
272514058,272514058_2774454009_2774454010,2774454009,2774454010,91.88,residential,5,5,153.8
272514058,272514058_2774454009_2774454010,2774454009,2774454010,91.88,residential,6,5,147.8
272514058,272514058_2774454009_2774454010,2774454009,2774454010,91.88,residential,7,5,174.9
272514058,272514058_2774454009_2774454010,2774454009,2774454010,91.88,residential,8,5,179.8
272514058,272514058_2774454009_2774454010,2774454009,2774454010,91.88,residential,9,5,185.1
272514058,272514058_2774454009_2774454010,2774454009,2774454010,91.88,residential,10,5,146.4
272514058,272514058_2774454009_2774454010,2774454009,2774454010,91.88,residential,11,5,185.3
272514058,272514058_2774454009_2774454010,2774454009,2774454010,91.88,residential,12,5,177.5
272514058,272514058_2774454009_2774454010,2774454009,2774454010,91.88,residential,13,5,175.4
272514058,272514058_2774454009_2774454010,2774454009,2774454010,91.88,residential,14,5,146.4
272514058,272514058_2774454009_2774454010,2774454009,2774454010,91.88,residential,15,5,146.1
272514058,272514058_2774454009_2774454010,2774454009,2774454010,91.88,residential,16,5,183.6
272514058,272514058_2774454009_2774454010,2774454009,2774454010,91.88,residential,17,5,188.6
272514058,272514058_2774454009_2774454010,2774454009,2774454010,91.88,residential,18,5,181.4
272514058,272514058_2774454009_2774454010,2774454009,2774454010,91.88,residential,19,5,151.9
272514058,272514058_2774454009_2774454010,2774454009,2774454010,91.88,residential,20,5,147.9
272514058,272514058_2774454009_2774454010,2774454009,2774454010,91.88,residential,21,5,147.5
272514058,272514058_2774454009_2774454010,2774454009,2774454010,91.88,residential,22,5,149.1
272514058,272514058_2774454009_2774454010,2774454009,2774454010,91.88,residential,23,5,151.7
272514058,272514058_2774454009_2774454010,2774454009,2774454010,91.88,residential,0,6,147.9
272514058,272514058_2774454009_2774454010,2774454009,2774454010,91.88,residential,1,6,143.3
272514058,272514058_2774454009_2774454010,2774454009,2774454010,91.88,residential,2,6,143.3
272514058,272514058_2774454009_2774454010,2774454009,2774454010,91.88,residential,3,6,147.8
272514058,272514058_2774454009_2774454010,2774454009,2774454010,91.88,residential,4,6,152.7
272514058,272514058_2774454009_2774454010,2774454009,2774454010,91.88,residential,5,6,153.6
272514058,272514058_2774454009_2774454010,2774454009,2774454010,91.88,residential,6,6,151.3
272514058,272514058_2774454009_2774454010,2774454009,2774454010,91.88,residential,7,6,177.3
272514058,272514058_2774454009_2774454010,2774454009,2774454010,91.88,residential,8,6,180.4
272514058,272514058_2774454009_2774454010,2774454009,2774454010,91.88,residential,9,6,186.2
272514058,272514058_2774454009_2774454010,2774454009,2774454010,91.88,residential,10,6,150.9
272514058,272514058_2774454009_2774454010,2774454009,2774454010,91.88,residential,11,6,181.6
272514058,272514058_2774454009_2774454010,2774454009,2774454010,91.88,residential,12,6,182.5
272514058,272514058_2774454009_2774454010,2774454009,2774454010,91.88,residential,13,6,171.7
272514058,272514058_2774454009_2774454010,2774454009,2774454010,91.88,residential,14,6,140.3
272514058,272514058_2774454009_2774454010,2774454009,2774454010,91.88,residential,15,6,143.8
272514058,272514058_2774454009_2774454010,2774454009,2774454010,91.88,residential,16,6,185.8
272514058,272514058_2774454009_2774454010,2774454009,2774454010,91.88,residential,17,6,185.7
272514058,272514058_2774454009_2774454010,2774454009,2774454010,91.88,residential,18,6,179.8
272514058,272514058_2774454009_2774454010,2774454009,2774454010,91.88,residential,19,6,151.8
272514058,272514058_2774454009_2774454010,2774454009,2774454010,91.88,residential,20,6,149.0
272514058,272514058_2774454009_2774454010,2774454009,2774454010,91.88,residential,21,6,147.0
272514058,272514058_2774454009_2774454010,2774454009,2774454010,91.88,residential,22,6,148.8
272514058,272514058_2774454009_2774454010,2774454009,2774454010,91.88,residential,23,6,155.4
272514059,272514059_2774454012_2774453995,2774454012,2774453995,97.63,residential,0,0,152.7
272514059,272514059_2774454012_2774453995,2774454012,2774453995,97.63,residential,1,0,150.0
272514059,272514059_2774454012_2774453995,2774454012,2774453995,97.63,residential,2,0,153.2
272514059,272514059_2774454012_2774453995,2774454012,2774453995,97.63,residential,3,0,160.1
272514059,272514059_2774454012_2774453995,2774454012,2774453995,97.63,residential,4,0,162.8
272514059,272514059_2774454012_2774453995,2774454012,2774453995,97.63,residential,5,0,157.4
272514059,272514059_2774454012_2774453995,2774454012,2774453995,97.63,residential,6,0,152.7
272514059,272514059_2774454012_2774453995,2774454012,2774453995,97.63,residential,7,0,193.0
272514059,272514059_2774454012_2774453995,2774454012,2774453995,97.63,residential,8,0,203.7
272514059,272514059_2774454012_2774453995,2774454012,2774453995,97.63,residential,9,0,211.0
272514059,272514059_2774454012_2774453995,2774454012,2774453995,97.63,residential,10,0,160.8
272514059,272514059_2774454012_2774453995,2774454012,2774453995,97.63,residential,11,0,188.1
272514059,272514059_2774454012_2774453995,2774454012,2774453995,97.63,residential,12,0,183.4
272514059,272514059_2774454012_2774453995,2774454012,2774453995,97.63,residential,13,0,172.1
272514059,272514059_2774454012_2774453995,2774454012,2774453995,97.63,residential,14,0,156.2
272514059,272514059_2774454012_2774453995,2774454012,2774453995,97.63,residential,15,0,161.7
272514059,272514059_2774454012_2774453995,2774454012,2774453995,97.63,residential,16,0,198.2
272514059,272514059_2774454012_2774453995,2774454012,2774453995,97.63,residential,17,0,192.7
272514059,272514059_2774454012_2774453995,2774454012,2774453995,97.63,residential,18,0,178.8
272514059,272514059_2774454012_2774453995,2774454012,2774453995,97.63,residential,19,0,154.5
272514059,272514059_2774454012_2774453995,2774454012,2774453995,97.63,residential,20,0,154.2
272514059,272514059_2774454012_2774453995,2774454012,2774453995,97.63,residential,21,0,162.4
272514059,272514059_2774454012_2774453995,2774454012,2774453995,97.63,residential,22,0,167.6
272514059,272514059_2774454012_2774453995,2774454012,2774453995,97.63,residential,23,0,167.7
272514059,272514059_2774454012_2774453995,2774454012,2774453995,97.63,residential,0,1,154.1
272514059,272514059_2774454012_2774453995,2774454012,2774453995,97.63,residential,1,1,154.7
272514059,272514059_2774454012_2774453995,2774454012,2774453995,97.63,residential,2,1,157.3
272514059,272514059_2774454012_2774453995,2774454012,2774453995,97.63,residential,3,1,163.9
272514059,272514059_2774454012_2774453995,2774454012,2774453995,97.63,residential,4,1,160.3
272514059,272514059_2774454012_2774453995,2774454012,2774453995,97.63,residential,5,1,156.5
272514059,272514059_2774454012_2774453995,2774454012,2774453995,97.63,residential,6,1,151.9
272514059,272514059_2774454012_2774453995,2774454012,2774453995,97.63,residential,7,1,194.5
272514059,272514059_2774454012_2774453995,2774454012,2774453995,97.63,residential,8,1,206.3
272514059,272514059_2774454012_2774453995,2774454012,2774453995,97.63,residential,9,1,215.1
272514059,272514059_2774454012_2774453995,2774454012,2774453995,97.63,residential,10,1,167.0
272514059,272514059_2774454012_2774453995,2774454012,2774453995,97.63,residential,11,1,192.7
272514059,272514059_2774454012_2774453995,2774454012,2774453995,97.63,residential,12,1,184.8
272514059,272514059_2774454012_2774453995,2774454012,2774453995,97.63,residential,13,1,178.1
272514059,272514059_2774454012_2774453995,2774454012,2774453995,97.63,residential,14,1,153.2
272514059,272514059_2774454012_2774453995,2774454012,2774453995,97.63,residential,15,1,164.0
272514059,272514059_2774454012_2774453995,2774454012,2774453995,97.63,residential,16,1,191.2
272514059,272514059_2774454012_2774453995,2774454012,2774453995,97.63,residential,17,1,191.5
272514059,272514059_2774454012_2774453995,2774454012,2774453995,97.63,residential,18,1,181.4
272514059,272514059_2774454012_2774453995,2774454012,2774453995,97.63,residential,19,1,154.9
272514059,272514059_2774454012_2774453995,2774454012,2774453995,97.63,residential,20,1,158.1
272514059,272514059_2774454012_2774453995,2774454012,2774453995,97.63,residential,21,1,161.0
272514059,272514059_2774454012_2774453995,2774454012,2774453995,97.63,residential,22,1,162.1
272514059,272514059_2774454012_2774453995,2774454012,2774453995,97.63,residential,23,1,161.9
272514059,272514059_2774454012_2774453995,2774454012,2774453995,97.63,residential,0,2,155.7
272514059,272514059_2774454012_2774453995,2774454012,2774453995,97.63,residential,1,2,148.2
272514059,272514059_2774454012_2774453995,2774454012,2774453995,97.63,residential,2,2,157.1
272514059,272514059_2774454012_2774453995,2774454012,2774453995,97.63,residential,3,2,161.8
272514059,272514059_2774454012_2774453995,2774454012,2774453995,97.63,residential,4,2,159.9
272514059,272514059_2774454012_2774453995,2774454012,2774453995,97.63,residential,5,2,158.1
272514059,272514059_2774454012_2774453995,2774454012,2774453995,97.63,residential,6,2,154.4
272514059,272514059_2774454012_2774453995,2774454012,2774453995,97.63,residential,7,2,192.7
272514059,272514059_2774454012_2774453995,2774454012,2774453995,97.63,residential,8,2,207.4
272514059,272514059_2774454012_2774453995,2774454012,2774453995,97.63,residential,9,2,211.2
272514059,272514059_2774454012_2774453995,2774454012,2774453995,97.63,residential,10,2,163.1
272514059,272514059_2774454012_2774453995,2774454012,2774453995,97.63,residential,11,2,188.5
272514059,272514059_2774454012_2774453995,2774454012,2774453995,97.63,residential,12,2,181.2
272514059,272514059_2774454012_2774453995,2774454012,2774453995,97.63,residential,13,2,171.7
272514059,272514059_2774454012_2774453995,2774454012,2774453995,97.63,residential,14,2,157.7
272514059,272514059_2774454012_2774453995,2774454012,2774453995,97.63,residential,15,2,160.5
272514059,272514059_2774454012_2774453995,2774454012,2774453995,97.63,residential,16,2,192.9
272514059,272514059_2774454012_2774453995,2774454012,2774453995,97.63,residential,17,2,186.7
272514059,272514059_2774454012_2774453995,2774454012,2774453995,97.63,residential,18,2,179.3
272514059,272514059_2774454012_2774453995,2774454012,2774453995,97.63,residential,19,2,156.4
272514059,272514059_2774454012_2774453995,2774454012,2774453995,97.63,residential,20,2,153.9
272514059,272514059_2774454012_2774453995,2774454012,2774453995,97.63,residential,21,2,159.8
272514059,272514059_2774454012_2774453995,2774454012,2774453995,97.63,residential,22,2,165.1
272514059,272514059_2774454012_2774453995,2774454012,2774453995,97.63,residential,23,2,165.5
272514059,272514059_2774454012_2774453995,2774454012,2774453995,97.63,residential,0,3,150.0
272514059,272514059_2774454012_2774453995,2774454012,2774453995,97.63,residential,1,3,152.0
272514059,272514059_2774454012_2774453995,2774454012,2774453995,97.63,residential,2,3,157.7
272514059,272514059_2774454012_2774453995,2774454012,2774453995,97.63,residential,3,3,157.3
272514059,272514059_2774454012_2774453995,2774454012,2774453995,97.63,residential,4,3,162.1
272514059,272514059_2774454012_2774453995,2774454012,2774453995,97.63,residential,5,3,159.0
272514059,272514059_2774454012_2774453995,2774454012,2774453995,97.63,residential,6,3,150.9
272514059,272514059_2774454012_2774453995,2774454012,2774453995,97.63,residential,7,3,198.1
272514059,272514059_2774454012_2774453995,2774454012,2774453995,97.63,residential,8,3,206.4
272514059,272514059_2774454012_2774453995,2774454012,2774453995,97.63,residential,9,3,215.1
272514059,272514059_2774454012_2774453995,2774454012,2774453995,97.63,residential,10,3,166.3
272514059,272514059_2774454012_2774453995,2774454012,2774453995,97.63,residential,11,3,187.1
272514059,272514059_2774454012_2774453995,2774454012,2774453995,97.63,residential,12,3,181.7
272514059,272514059_2774454012_2774453995,2774454012,2774453995,97.63,residential,13,3,176.6
272514059,272514059_2774454012_2774453995,2774454012,2774453995,97.63,residential,14,3,159.1
272514059,272514059_2774454012_2774453995,2774454012,2774453995,97.63,residential,15,3,161.6
272514059,272514059_2774454012_2774453995,2774454012,2774453995,97.63,residential,16,3,191.9
272514059,272514059_2774454012_2774453995,2774454012,2774453995,97.63,residential,17,3,188.0
272514059,272514059_2774454012_2774453995,2774454012,2774453995,97.63,residential,18,3,180.2
272514059,272514059_2774454012_2774453995,2774454012,2774453995,97.63,residential,19,3,153.7
272514059,272514059_2774454012_2774453995,2774454012,2774453995,97.63,residential,20,3,155.4
272514059,272514059_2774454012_2774453995,2774454012,2774453995,97.63,residential,21,3,162.9
272514059,272514059_2774454012_2774453995,2774454012,2774453995,97.63,residential,22,3,164.0
272514059,272514059_2774454012_2774453995,2774454012,2774453995,97.63,residential,23,3,164.3
272514059,272514059_2774454012_2774453995,2774454012,2774453995,97.63,residential,0,4,152.4
272514059,272514059_2774454012_2774453995,2774454012,2774453995,97.63,residential,1,4,153.9
272514059,272514059_2774454012_2774453995,2774454012,2774453995,97.63,residential,2,4,155.9
272514059,272514059_2774454012_2774453995,2774454012,2774453995,97.63,residential,3,4,160.5
272514059,272514059_2774454012_2774453995,2774454012,2774453995,97.63,residential,4,4,163.0
272514059,272514059_2774454012_2774453995,2774454012,2774453995,97.63,residential,5,4,160.2
272514059,272514059_2774454012_2774453995,2774454012,2774453995,97.63,residential,6,4,150.4
272514059,272514059_2774454012_2774453995,2774454012,2774453995,97.63,residential,7,4,196.2
272514059,272514059_2774454012_2774453995,2774454012,2774453995,97.63,residential,8,4,206.2
272514059,272514059_2774454012_2774453995,2774454012,2774453995,97.63,residential,9,4,213.2
272514059,272514059_2774454012_2774453995,2774454012,2774453995,97.63,residential,10,4,163.9
272514059,272514059_2774454012_2774453995,2774454012,2774453995,97.63,residential,11,4,190.9
272514059,272514059_2774454012_2774453995,2774454012,2774453995,97.63,residential,12,4,182.5
272514059,272514059_2774454012_2774453995,2774454012,2774453995,97.63,residential,13,4,178.0
272514059,272514059_2774454012_2774453995,2774454012,2774453995,97.63,residential,14,4,156.3
272514059,272514059_2774454012_2774453995,2774454012,2774453995,97.63,residential,15,4,162.4
272514059,272514059_2774454012_2774453995,2774454012,2774453995,97.63,residential,16,4,193.3
272514059,272514059_2774454012_2774453995,2774454012,2774453995,97.63,residential,17,4,187.9
272514059,272514059_2774454012_2774453995,2774454012,2774453995,97.63,residential,18,4,178.8
272514059,272514059_2774454012_2774453995,2774454012,2774453995,97.63,residential,19,4,155.8
272514059,272514059_2774454012_2774453995,2774454012,2774453995,97.63,residential,20,4,156.5
272514059,272514059_2774454012_2774453995,2774454012,2774453995,97.63,residential,21,4,158.0
272514059,272514059_2774454012_2774453995,2774454012,2774453995,97.63,residential,22,4,167.7
272514059,272514059_2774454012_2774453995,2774454012,2774453995,97.63,residential,23,4,165.1
272514059,272514059_2774454012_2774453995,2774454012,2774453995,97.63,residential,0,5,151.1
272514059,272514059_2774454012_2774453995,2774454012,2774453995,97.63,residential,1,5,149.7
272514059,272514059_2774454012_2774453995,2774454012,2774453995,97.63,residential,2,5,153.2
272514059,272514059_2774454012_2774453995,2774454012,2774453995,97.63,residential,3,5,162.4
272514059,272514059_2774454012_2774453995,2774454012,2774453995,97.63,residential,4,5,163.1
272514059,272514059_2774454012_2774453995,2774454012,2774453995,97.63,residential,5,5,153.9
272514059,272514059_2774454012_2774453995,2774454012,2774453995,97.63,residential,6,5,148.0
272514059,272514059_2774454012_2774453995,2774454012,2774453995,97.63,residential,7,5,195.8
272514059,272514059_2774454012_2774453995,2774454012,2774453995,97.63,residential,8,5,204.8
272514059,272514059_2774454012_2774453995,2774454012,2774453995,97.63,residential,9,5,207.9
272514059,272514059_2774454012_2774453995,2774454012,2774453995,97.63,residential,10,5,165.4
272514059,272514059_2774454012_2774453995,2774454012,2774453995,97.63,residential,11,5,186.4
272514059,272514059_2774454012_2774453995,2774454012,2774453995,97.63,residential,12,5,182.2
272514059,272514059_2774454012_2774453995,2774454012,2774453995,97.63,residential,13,5,175.8
272514059,272514059_2774454012_2774453995,2774454012,2774453995,97.63,residential,14,5,158.8
272514059,272514059_2774454012_2774453995,2774454012,2774453995,97.63,residential,15,5,158.3
272514059,272514059_2774454012_2774453995,2774454012,2774453995,97.63,residential,16,5,196.0
272514059,272514059_2774454012_2774453995,2774454012,2774453995,97.63,residential,17,5,185.1
272514059,272514059_2774454012_2774453995,2774454012,2774453995,97.63,residential,18,5,175.9
272514059,272514059_2774454012_2774453995,2774454012,2774453995,97.63,residential,19,5,158.0
272514059,272514059_2774454012_2774453995,2774454012,2774453995,97.63,residential,20,5,153.6
272514059,272514059_2774454012_2774453995,2774454012,2774453995,97.63,residential,21,5,163.0
272514059,272514059_2774454012_2774453995,2774454012,2774453995,97.63,residential,22,5,161.3
272514059,272514059_2774454012_2774453995,2774454012,2774453995,97.63,residential,23,5,165.1
272514059,272514059_2774454012_2774453995,2774454012,2774453995,97.63,residential,0,6,153.8
272514059,272514059_2774454012_2774453995,2774454012,2774453995,97.63,residential,1,6,152.1
272514059,272514059_2774454012_2774453995,2774454012,2774453995,97.63,residential,2,6,151.1
272514059,272514059_2774454012_2774453995,2774454012,2774453995,97.63,residential,3,6,162.8
272514059,272514059_2774454012_2774453995,2774454012,2774453995,97.63,residential,4,6,161.2
272514059,272514059_2774454012_2774453995,2774454012,2774453995,97.63,residential,5,6,159.5
272514059,272514059_2774454012_2774453995,2774454012,2774453995,97.63,residential,6,6,148.1
272514059,272514059_2774454012_2774453995,2774454012,2774453995,97.63,residential,7,6,192.8
272514059,272514059_2774454012_2774453995,2774454012,2774453995,97.63,residential,8,6,200.9
272514059,272514059_2774454012_2774453995,2774454012,2774453995,97.63,residential,9,6,208.0
272514059,272514059_2774454012_2774453995,2774454012,2774453995,97.63,residential,10,6,165.8
272514059,272514059_2774454012_2774453995,2774454012,2774453995,97.63,residential,11,6,185.2
272514059,272514059_2774454012_2774453995,2774454012,2774453995,97.63,residential,12,6,177.1
272514059,272514059_2774454012_2774453995,2774454012,2774453995,97.63,residential,13,6,173.2
272514059,272514059_2774454012_2774453995,2774454012,2774453995,97.63,residential,14,6,153.1
272514059,272514059_2774454012_2774453995,2774454012,2774453995,97.63,residential,15,6,161.2
272514059,272514059_2774454012_2774453995,2774454012,2774453995,97.63,residential,16,6,191.3
272514059,272514059_2774454012_2774453995,2774454012,2774453995,97.63,residential,17,6,184.4
272514059,272514059_2774454012_2774453995,2774454012,2774453995,97.63,residential,18,6,178.1
272514059,272514059_2774454012_2774453995,2774454012,2774453995,97.63,residential,19,6,154.6
272514059,272514059_2774454012_2774453995,2774454012,2774453995,97.63,residential,20,6,154.9
272514059,272514059_2774454012_2774453995,2774454012,2774453995,97.63,residential,21,6,157.9
272514059,272514059_2774454012_2774453995,2774454012,2774453995,97.63,residential,22,6,163.9
272514059,272514059_2774454012_2774453995,2774454012,2774453995,97.63,residential,23,6,164.0
